importId;company_code;typeSelect;product_code;tax.code;productFamily.importId;paymentMode.importId;saleAccount_code;saleTaxVatSystem1Account_code;saleTaxVatSystem2Account_code;saleTax_code;purchaseAccount_code;purchaseTaxVatSystem1Account_code;purchaseTaxVatSystem2Account_code;purchaseTax.code;cashAccount_code;journal_importId;sequence_importId;bankDetails_importId;purchFixedAssetsAccount_code;purchFixedAssetsTaxVatSystem1Account_code;purchFixedAssetsTaxVatSystem2Account_code;fixedAssetCategory.importId;interbankCodeLine.importId;allowedFinDiscountTaxVatSystem1Account_code;allowedFinDiscountTaxVatSystem2Account_code;obtainedFinDiscountTaxVatSystem1Account_code;obtainedFinDiscountTaxVatSystem2Account_code;purchVatRegulationAccount_code;saleVatRegulationAccount_code;globalAccountingCashAccount_code;chequeDepositJournal_code;financialDiscountAccount.code
;BASE;1;7082-1;;;;701000;;;EXP_X_C;;;;;;;;;;;;;;;;;;;;;;
;BASE;1;7082-2;;;;701000;;;EXP_X_C;;;;;;;;;;;;;;;;;;;;;;
;BASE;1;7082-3;;;;701000;;;EXP_X_C;;;;;;;;;;;;;;;;;;;;;;
;BASE;1;7082-4;;;;701000;;;EXP_X_C;;;;;;;;;;;;;;;;;;;;;;
;BASE;1;7082-5;;;;701000;;;EXP_X_C;;;;;;;;;;;;;;;;;;;;;;
;BASE;1;7082-6;;;;701000;;;EXP_X_C;;;;;;;;;;;;;;;;;;;;;;
;BASE;1;7082-7;;;;701000;;;EXP_X_C;;;;;;;;;;;;;;;;;;;;;;
;BASE;1;7082-8;;;;701000;;;EXP_X_C;;;;;;;;;;;;;;;;;;;;;;
;BASE;1;7082-9;;;;701000;;;EXP_X_C;;;;;;;;;;;;;;;;;;;;;;
;BASE;1;7082-10;;;;701000;;;EXP_X_C;;;;;;;;;;;;;;;;;;;;;;
;BASE;1;7084-1;;;;701000;;;EXP_X_C;;;;;;;;;;;;;;;;;;;;;;
;BASE;1;7084-2;;;;701000;;;EXP_X_C;;;;;;;;;;;;;;;;;;;;;;
;BASE;1;7084-3;;;;701000;;;EXP_X_C;;;;;;;;;;;;;;;;;;;;;;
;BASE;1;7084-4;;;;701000;;;EXP_X_C;;;;;;;;;;;;;;;;;;;;;;
;BASE;1;7084-5;;;;701000;;;EXP_X_C;;;;;;;;;;;;;;;;;;;;;;
;BASE;1;7084-6;;;;701000;;;EXP_X_C;;;;;;;;;;;;;;;;;;;;;;
;BASE;1;7084-7;;;;701000;;;EXP_X_C;;;;;;;;;;;;;;;;;;;;;;
;BASE;1;7084-8;;;;701000;;;EXP_X_C;;;;;;;;;;;;;;;;;;;;;;
;BASE;1;7084-9;;;;701000;;;EXP_X_C;;;;;;;;;;;;;;;;;;;;;;
;BASE;1;7084-10;;;;701000;;;EXP_X_C;;;;;;;;;;;;;;;;;;;;;;
;BASE;1;7084-11;;;;701000;;;EXP_X_C;;;;;;;;;;;;;;;;;;;;;;
;BASE;1;7084-12;;;;701000;;;EXP_X_C;;;;;;;;;;;;;;;;;;;;;;
;BASE;1;7084-13;;;;701000;;;EXP_X_C;;;;;;;;;;;;;;;;;;;;;;
;BASE;1;7084-14;;;;701000;;;EXP_X_C;;;;;;;;;;;;;;;;;;;;;;
;BASE;1;7084-15;;;;701000;;;EXP_X_C;;;;;;;;;;;;;;;;;;;;;;
;BASE;1;7084-16;;;;701000;;;EXP_X_C;;;;;;;;;;;;;;;;;;;;;;
;BASE;1;7084-17;;;;701000;;;EXP_X_C;;;;;;;;;;;;;;;;;;;;;;
;BASE;1;7084-18;;;;701000;;;EXP_X_C;;;;;;;;;;;;;;;;;;;;;;
;BASE;1;7084-19;;;;701000;;;EXP_X_C;;;;;;;;;;;;;;;;;;;;;;
;BASE;1;7084-20;;;;701000;;;EXP_X_C;;;;;;;;;;;;;;;;;;;;;;
;BASE;1;5015-1;;;;701000;;;EXP_X_C;;;;;;;;;;;;;;;;;;;;;;
;BASE;1;5015-2;;;;701000;;;EXP_X_C;;;;;;;;;;;;;;;;;;;;;;
;BASE;1;5015-3;;;;701000;;;EXP_X_C;;;;;;;;;;;;;;;;;;;;;;
;BASE;1;5015-4;;;;701000;;;EXP_X_C;;;;;;;;;;;;;;;;;;;;;;
;BASE;1;5015-5;;;;701000;;;EXP_X_C;;;;;;;;;;;;;;;;;;;;;;
;BASE;1;5015-6;;;;701000;;;EXP_X_C;;;;;;;;;;;;;;;;;;;;;;
;BASE;1;5015-7;;;;701000;;;EXP_X_C;;;;;;;;;;;;;;;;;;;;;;
;BASE;1;5015-8;;;;701000;;;EXP_X_C;;;;;;;;;;;;;;;;;;;;;;
;BASE;1;5015-9;;;;701000;;;EXP_X_C;;;;;;;;;;;;;;;;;;;;;;
;BASE;1;5015-10;;;;701000;;;EXP_X_C;;;;;;;;;;;;;;;;;;;;;;
;BASE;1;5015-11;;;;701000;;;EXP_X_C;;;;;;;;;;;;;;;;;;;;;;
;BASE;1;5015-12;;;;701000;;;EXP_X_C;;;;;;;;;;;;;;;;;;;;;;
;BASE;1;5015-13;;;;701000;;;EXP_X_C;;;;;;;;;;;;;;;;;;;;;;
;BASE;1;5015-14;;;;701000;;;EXP_X_C;;;;;;;;;;;;;;;;;;;;;;
;BASE;1;5015-15;;;;701000;;;EXP_X_C;;;;;;;;;;;;;;;;;;;;;;
;BASE;1;5015-16;;;;701000;;;EXP_X_C;;;;;;;;;;;;;;;;;;;;;;
;BASE;1;5015-17;;;;701000;;;EXP_X_C;;;;;;;;;;;;;;;;;;;;;;
;BASE;1;5015-18;;;;701000;;;EXP_X_C;;;;;;;;;;;;;;;;;;;;;;
;BASE;1;5015-19;;;;701000;;;EXP_X_C;;;;;;;;;;;;;;;;;;;;;;
;BASE;1;5015-20;;;;701000;;;EXP_X_C;;;;;;;;;;;;;;;;;;;;;;
;BASE;1;1061B-1;;;;701000;;;EXP_X_C;;;;;;;;;;;;;;;;;;;;;;
;BASE;1;1061B-2;;;;701000;;;EXP_X_C;;;;;;;;;;;;;;;;;;;;;;
;BASE;1;1061B-3;;;;701000;;;EXP_X_C;;;;;;;;;;;;;;;;;;;;;;
;BASE;1;1061B-4;;;;701000;;;EXP_X_C;;;;;;;;;;;;;;;;;;;;;;
;BASE;1;1061B-5;;;;701000;;;EXP_X_C;;;;;;;;;;;;;;;;;;;;;;
;BASE;1;1061B-6;;;;701000;;;EXP_X_C;;;;;;;;;;;;;;;;;;;;;;
;BASE;1;1061B-7;;;;701000;;;EXP_X_C;;;;;;;;;;;;;;;;;;;;;;
;BASE;1;1061B-8;;;;701000;;;EXP_X_C;;;;;;;;;;;;;;;;;;;;;;
;BASE;1;1061B-9;;;;701000;;;EXP_X_C;;;;;;;;;;;;;;;;;;;;;;
;BASE;1;1061B-10;;;;701000;;;EXP_X_C;;;;;;;;;;;;;;;;;;;;;;
;BASE;1;1061B-11;;;;701000;;;EXP_X_C;;;;;;;;;;;;;;;;;;;;;;
;BASE;1;1061B-12;;;;701000;;;EXP_X_C;;;;;;;;;;;;;;;;;;;;;;
;BASE;1;1061B-13;;;;701000;;;EXP_X_C;;;;;;;;;;;;;;;;;;;;;;
;BASE;1;1061B-14;;;;701000;;;EXP_X_C;;;;;;;;;;;;;;;;;;;;;;
;BASE;1;1061B-15;;;;701000;;;EXP_X_C;;;;;;;;;;;;;;;;;;;;;;
;BASE;1;1061B-16;;;;701000;;;EXP_X_C;;;;;;;;;;;;;;;;;;;;;;
;BASE;1;1061B-17;;;;701000;;;EXP_X_C;;;;;;;;;;;;;;;;;;;;;;
;BASE;1;1061B-18;;;;701000;;;EXP_X_C;;;;;;;;;;;;;;;;;;;;;;
;BASE;1;1061B-19;;;;701000;;;EXP_X_C;;;;;;;;;;;;;;;;;;;;;;
;BASE;1;1061B-20;;;;701000;;;EXP_X_C;;;;;;;;;;;;;;;;;;;;;;
;BASE;1;1061B-21;;;;701000;;;EXP_X_C;;;;;;;;;;;;;;;;;;;;;;
;BASE;1;5054B-1;;;;701000;;;EXP_X_C;;;;;;;;;;;;;;;;;;;;;;
;BASE;1;5054B-2;;;;701000;;;EXP_X_C;;;;;;;;;;;;;;;;;;;;;;
;BASE;1;5054B-3;;;;701000;;;EXP_X_C;;;;;;;;;;;;;;;;;;;;;;
;BASE;1;5054B-4;;;;701000;;;EXP_X_C;;;;;;;;;;;;;;;;;;;;;;
;BASE;1;5054B-5;;;;701000;;;EXP_X_C;;;;;;;;;;;;;;;;;;;;;;
;BASE;1;5054B-6;;;;701000;;;EXP_X_C;;;;;;;;;;;;;;;;;;;;;;
;BASE;1;5054B-7;;;;701000;;;EXP_X_C;;;;;;;;;;;;;;;;;;;;;;
;BASE;1;5054B-8;;;;701000;;;EXP_X_C;;;;;;;;;;;;;;;;;;;;;;
;BASE;1;5054B-9;;;;701000;;;EXP_X_C;;;;;;;;;;;;;;;;;;;;;;
;BASE;1;5054B-10;;;;701000;;;EXP_X_C;;;;;;;;;;;;;;;;;;;;;;
;BASE;1;5054B-11;;;;701000;;;EXP_X_C;;;;;;;;;;;;;;;;;;;;;;
;BASE;1;5054B-12;;;;701000;;;EXP_X_C;;;;;;;;;;;;;;;;;;;;;;
;BASE;1;5054B-13;;;;701000;;;EXP_X_C;;;;;;;;;;;;;;;;;;;;;;
;BASE;1;5054B-14;;;;701000;;;EXP_X_C;;;;;;;;;;;;;;;;;;;;;;
;BASE;1;5054B-15;;;;701000;;;EXP_X_C;;;;;;;;;;;;;;;;;;;;;;
;BASE;1;5054B-16;;;;701000;;;EXP_X_C;;;;;;;;;;;;;;;;;;;;;;
;BASE;1;5054B-17;;;;701000;;;EXP_X_C;;;;;;;;;;;;;;;;;;;;;;
;BASE;1;5054B-18;;;;701000;;;EXP_X_C;;;;;;;;;;;;;;;;;;;;;;
;BASE;1;5054B-19;;;;701000;;;EXP_X_C;;;;;;;;;;;;;;;;;;;;;;
;BASE;1;5054B-20;;;;701000;;;EXP_X_C;;;;;;;;;;;;;;;;;;;;;;
;BASE;1;1565-1;;;;701000;;;EXP_X_C;;;;;;;;;;;;;;;;;;;;;;
;BASE;1;1565-2;;;;701000;;;EXP_X_C;;;;;;;;;;;;;;;;;;;;;;
;BASE;1;1565-3;;;;701000;;;EXP_X_C;;;;;;;;;;;;;;;;;;;;;;
;BASE;1;1565-4;;;;701000;;;EXP_X_C;;;;;;;;;;;;;;;;;;;;;;
;BASE;1;1565-5;;;;701000;;;EXP_X_C;;;;;;;;;;;;;;;;;;;;;;
;BASE;1;1565-6;;;;701000;;;EXP_X_C;;;;;;;;;;;;;;;;;;;;;;
;BASE;1;1565-7;;;;701000;;;EXP_X_C;;;;;;;;;;;;;;;;;;;;;;
;BASE;1;1565-8;;;;701000;;;EXP_X_C;;;;;;;;;;;;;;;;;;;;;;
;BASE;1;1565-9;;;;701000;;;EXP_X_C;;;;;;;;;;;;;;;;;;;;;;
;BASE;1;1565-10;;;;701000;;;EXP_X_C;;;;;;;;;;;;;;;;;;;;;;
;BASE;1;1565-11;;;;701000;;;EXP_X_C;;;;;;;;;;;;;;;;;;;;;;
;BASE;1;1565-12;;;;701000;;;EXP_X_C;;;;;;;;;;;;;;;;;;;;;;
;BASE;1;1565-13;;;;701000;;;EXP_X_C;;;;;;;;;;;;;;;;;;;;;;
;BASE;1;1565-14;;;;701000;;;EXP_X_C;;;;;;;;;;;;;;;;;;;;;;
;BASE;1;1565-15;;;;701000;;;EXP_X_C;;;;;;;;;;;;;;;;;;;;;;
;BASE;1;1565-16;;;;701000;;;EXP_X_C;;;;;;;;;;;;;;;;;;;;;;
;BASE;1;1565-17;;;;701000;;;EXP_X_C;;;;;;;;;;;;;;;;;;;;;;
;BASE;1;1565-18;;;;701000;;;EXP_X_C;;;;;;;;;;;;;;;;;;;;;;
;BASE;1;1565-19;;;;701000;;;EXP_X_C;;;;;;;;;;;;;;;;;;;;;;
;BASE;1;1565-20;;;;701000;;;EXP_X_C;;;;;;;;;;;;;;;;;;;;;;
;BASE;1;FP1567-1;;;;701000;;;EXP_X_C;;;;;;;;;;;;;;;;;;;;;;
;BASE;1;FP1567-2;;;;701000;;;EXP_X_C;;;;;;;;;;;;;;;;;;;;;;
;BASE;1;FP1567-3;;;;701000;;;EXP_X_C;;;;;;;;;;;;;;;;;;;;;;
;BASE;1;FP1567-4;;;;701000;;;EXP_X_C;;;;;;;;;;;;;;;;;;;;;;
;BASE;1;FP1567-5;;;;701000;;;EXP_X_C;;;;;;;;;;;;;;;;;;;;;;
;BASE;1;FP1567-6;;;;701000;;;EXP_X_C;;;;;;;;;;;;;;;;;;;;;;
;BASE;1;FP1567-7;;;;701000;;;EXP_X_C;;;;;;;;;;;;;;;;;;;;;;
;BASE;1;FP1567-8;;;;701000;;;EXP_X_C;;;;;;;;;;;;;;;;;;;;;;
;BASE;1;FP1567-9;;;;701000;;;EXP_X_C;;;;;;;;;;;;;;;;;;;;;;
;BASE;1;FP1567-10;;;;701000;;;EXP_X_C;;;;;;;;;;;;;;;;;;;;;;
;BASE;1;1097-1;;;;701000;;;EXP_X_C;;;;;;;;;;;;;;;;;;;;;;
;BASE;1;1097-2;;;;701000;;;EXP_X_C;;;;;;;;;;;;;;;;;;;;;;
;BASE;1;1097-3;;;;701000;;;EXP_X_C;;;;;;;;;;;;;;;;;;;;;;
;BASE;1;1097-4;;;;701000;;;EXP_X_C;;;;;;;;;;;;;;;;;;;;;;
;BASE;1;1097-5;;;;701000;;;EXP_X_C;;;;;;;;;;;;;;;;;;;;;;
;BASE;1;1097-6;;;;701000;;;EXP_X_C;;;;;;;;;;;;;;;;;;;;;;
;BASE;1;1097-7;;;;701000;;;EXP_X_C;;;;;;;;;;;;;;;;;;;;;;
;BASE;1;1097-8;;;;701000;;;EXP_X_C;;;;;;;;;;;;;;;;;;;;;;
;BASE;1;1097-9;;;;701000;;;EXP_X_C;;;;;;;;;;;;;;;;;;;;;;
;BASE;1;1097-10;;;;701000;;;EXP_X_C;;;;;;;;;;;;;;;;;;;;;;
;BASE;1;1097-11;;;;701000;;;EXP_X_C;;;;;;;;;;;;;;;;;;;;;;
;BASE;1;1097-12;;;;701000;;;EXP_X_C;;;;;;;;;;;;;;;;;;;;;;
;BASE;1;1097-13;;;;701000;;;EXP_X_C;;;;;;;;;;;;;;;;;;;;;;
;BASE;1;1097-14;;;;701000;;;EXP_X_C;;;;;;;;;;;;;;;;;;;;;;
;BASE;1;1097-15;;;;701000;;;EXP_X_C;;;;;;;;;;;;;;;;;;;;;;
;BASE;1;1097-16;;;;701000;;;EXP_X_C;;;;;;;;;;;;;;;;;;;;;;
;BASE;1;1097-17;;;;701000;;;EXP_X_C;;;;;;;;;;;;;;;;;;;;;;
;BASE;1;1097-18;;;;701000;;;EXP_X_C;;;;;;;;;;;;;;;;;;;;;;
;BASE;1;1097-19;;;;701000;;;EXP_X_C;;;;;;;;;;;;;;;;;;;;;;
;BASE;1;1097-20;;;;701000;;;EXP_X_C;;;;;;;;;;;;;;;;;;;;;;
;BASE;1;7012-1;;;;701000;;;EXP_X_C;;;;;;;;;;;;;;;;;;;;;;
;BASE;1;7012-2;;;;701000;;;EXP_X_C;;;;;;;;;;;;;;;;;;;;;;
;BASE;1;7012-3;;;;701000;;;EXP_X_C;;;;;;;;;;;;;;;;;;;;;;
;BASE;1;7012-4;;;;701000;;;EXP_X_C;;;;;;;;;;;;;;;;;;;;;;
;BASE;1;7012-5;;;;701000;;;EXP_X_C;;;;;;;;;;;;;;;;;;;;;;
;BASE;1;7012-6;;;;701000;;;EXP_X_C;;;;;;;;;;;;;;;;;;;;;;
;BASE;1;7012-7;;;;701000;;;EXP_X_C;;;;;;;;;;;;;;;;;;;;;;
;BASE;1;7012-8;;;;701000;;;EXP_X_C;;;;;;;;;;;;;;;;;;;;;;
;BASE;1;7012-9;;;;701000;;;EXP_X_C;;;;;;;;;;;;;;;;;;;;;;
;BASE;1;7012-10;;;;701000;;;EXP_X_C;;;;;;;;;;;;;;;;;;;;;;
;BASE;1;9553-1;;;;701000;;;EXP_X_C;;;;;;;;;;;;;;;;;;;;;;
;BASE;1;9553-2;;;;701000;;;EXP_X_C;;;;;;;;;;;;;;;;;;;;;;
;BASE;1;9553-3;;;;701000;;;EXP_X_C;;;;;;;;;;;;;;;;;;;;;;
;BASE;1;9553-4;;;;701000;;;EXP_X_C;;;;;;;;;;;;;;;;;;;;;;
;BASE;1;9553-5;;;;701000;;;EXP_X_C;;;;;;;;;;;;;;;;;;;;;;
;BASE;1;9553-6;;;;701000;;;EXP_X_C;;;;;;;;;;;;;;;;;;;;;;
;BASE;1;9553-7;;;;701000;;;EXP_X_C;;;;;;;;;;;;;;;;;;;;;;
;BASE;1;9553-8;;;;701000;;;EXP_X_C;;;;;;;;;;;;;;;;;;;;;;
;BASE;1;9553-9;;;;701000;;;EXP_X_C;;;;;;;;;;;;;;;;;;;;;;
;BASE;1;9553-10;;;;701000;;;EXP_X_C;;;;;;;;;;;;;;;;;;;;;;
;BASE;1;9553-11;;;;701000;;;EXP_X_C;;;;;;;;;;;;;;;;;;;;;;
;BASE;1;9553-12;;;;701000;;;EXP_X_C;;;;;;;;;;;;;;;;;;;;;;
;BASE;1;9553-13;;;;701000;;;EXP_X_C;;;;;;;;;;;;;;;;;;;;;;
;BASE;1;9553-14;;;;701000;;;EXP_X_C;;;;;;;;;;;;;;;;;;;;;;
;BASE;1;9553-15;;;;701000;;;EXP_X_C;;;;;;;;;;;;;;;;;;;;;;
;BASE;1;9553-16;;;;701000;;;EXP_X_C;;;;;;;;;;;;;;;;;;;;;;
;BASE;1;9553-17;;;;701000;;;EXP_X_C;;;;;;;;;;;;;;;;;;;;;;
;BASE;1;9553-18;;;;701000;;;EXP_X_C;;;;;;;;;;;;;;;;;;;;;;
;BASE;1;9553-19;;;;701000;;;EXP_X_C;;;;;;;;;;;;;;;;;;;;;;
;BASE;1;9553-20;;;;701000;;;EXP_X_C;;;;;;;;;;;;;;;;;;;;;;
;BASE;1;9563-1;;;;701000;;;EXP_X_C;;;;;;;;;;;;;;;;;;;;;;
;BASE;1;9563-2;;;;701000;;;EXP_X_C;;;;;;;;;;;;;;;;;;;;;;
;BASE;1;9563-3;;;;701000;;;EXP_X_C;;;;;;;;;;;;;;;;;;;;;;
;BASE;1;9563-4;;;;701000;;;EXP_X_C;;;;;;;;;;;;;;;;;;;;;;
;BASE;1;9563-5;;;;701000;;;EXP_X_C;;;;;;;;;;;;;;;;;;;;;;
;BASE;1;9563-6;;;;701000;;;EXP_X_C;;;;;;;;;;;;;;;;;;;;;;
;BASE;1;9563-7;;;;701000;;;EXP_X_C;;;;;;;;;;;;;;;;;;;;;;
;BASE;1;9563-8;;;;701000;;;EXP_X_C;;;;;;;;;;;;;;;;;;;;;;
;BASE;1;9563-9;;;;701000;;;EXP_X_C;;;;;;;;;;;;;;;;;;;;;;
;BASE;1;9563-10;;;;701000;;;EXP_X_C;;;;;;;;;;;;;;;;;;;;;;
;BASE;1;9565-1;;;;701000;;;EXP_X_C;;;;;;;;;;;;;;;;;;;;;;
;BASE;1;9565-2;;;;701000;;;EXP_X_C;;;;;;;;;;;;;;;;;;;;;;
;BASE;1;9565-3;;;;701000;;;EXP_X_C;;;;;;;;;;;;;;;;;;;;;;
;BASE;1;9565-4;;;;701000;;;EXP_X_C;;;;;;;;;;;;;;;;;;;;;;
;BASE;1;9565-5;;;;701000;;;EXP_X_C;;;;;;;;;;;;;;;;;;;;;;
;BASE;1;9565-6;;;;701000;;;EXP_X_C;;;;;;;;;;;;;;;;;;;;;;
;BASE;1;9565-7;;;;701000;;;EXP_X_C;;;;;;;;;;;;;;;;;;;;;;
;BASE;1;9565-8;;;;701000;;;EXP_X_C;;;;;;;;;;;;;;;;;;;;;;
;BASE;1;9565-9;;;;701000;;;EXP_X_C;;;;;;;;;;;;;;;;;;;;;;
;BASE;1;9565-10;;;;701000;;;EXP_X_C;;;;;;;;;;;;;;;;;;;;;;
;BASE;1;9565-11;;;;701000;;;EXP_X_C;;;;;;;;;;;;;;;;;;;;;;
;BASE;1;9565-12;;;;701000;;;EXP_X_C;;;;;;;;;;;;;;;;;;;;;;
;BASE;1;9565-13;;;;701000;;;EXP_X_C;;;;;;;;;;;;;;;;;;;;;;
;BASE;1;9565-14;;;;701000;;;EXP_X_C;;;;;;;;;;;;;;;;;;;;;;
;BASE;1;9565-15;;;;701000;;;EXP_X_C;;;;;;;;;;;;;;;;;;;;;;
;BASE;1;9565-16;;;;701000;;;EXP_X_C;;;;;;;;;;;;;;;;;;;;;;
;BASE;1;9565-17;;;;701000;;;EXP_X_C;;;;;;;;;;;;;;;;;;;;;;
;BASE;1;9565-18;;;;701000;;;EXP_X_C;;;;;;;;;;;;;;;;;;;;;;
;BASE;1;9565-19;;;;701000;;;EXP_X_C;;;;;;;;;;;;;;;;;;;;;;
;BASE;1;9565-20;;;;701000;;;EXP_X_C;;;;;;;;;;;;;;;;;;;;;;
;BASE;1;1518-1;;;;701000;;;EXP_X_C;;;;;;;;;;;;;;;;;;;;;;
;BASE;1;1518-2;;;;701000;;;EXP_X_C;;;;;;;;;;;;;;;;;;;;;;
;BASE;1;1518-3;;;;701000;;;EXP_X_C;;;;;;;;;;;;;;;;;;;;;;
;BASE;1;1518-4;;;;701000;;;EXP_X_C;;;;;;;;;;;;;;;;;;;;;;
;BASE;1;1518-5;;;;701000;;;EXP_X_C;;;;;;;;;;;;;;;;;;;;;;
;BASE;1;1518-6;;;;701000;;;EXP_X_C;;;;;;;;;;;;;;;;;;;;;;
;BASE;1;1518-7;;;;701000;;;EXP_X_C;;;;;;;;;;;;;;;;;;;;;;
;BASE;1;1518-8;;;;701000;;;EXP_X_C;;;;;;;;;;;;;;;;;;;;;;
;BASE;1;1518-9;;;;701000;;;EXP_X_C;;;;;;;;;;;;;;;;;;;;;;
;BASE;1;1518-10;;;;701000;;;EXP_X_C;;;;;;;;;;;;;;;;;;;;;;
;BASE;1;1518-11;;;;701000;;;EXP_X_C;;;;;;;;;;;;;;;;;;;;;;
;BASE;1;1518-12;;;;701000;;;EXP_X_C;;;;;;;;;;;;;;;;;;;;;;
;BASE;1;1518-13;;;;701000;;;EXP_X_C;;;;;;;;;;;;;;;;;;;;;;
;BASE;1;1518-14;;;;701000;;;EXP_X_C;;;;;;;;;;;;;;;;;;;;;;
;BASE;1;1518-15;;;;701000;;;EXP_X_C;;;;;;;;;;;;;;;;;;;;;;
;BASE;1;1518-16;;;;701000;;;EXP_X_C;;;;;;;;;;;;;;;;;;;;;;
;BASE;1;1518-17;;;;701000;;;EXP_X_C;;;;;;;;;;;;;;;;;;;;;;
;BASE;1;1518-18;;;;701000;;;EXP_X_C;;;;;;;;;;;;;;;;;;;;;;
;BASE;1;1518-19;;;;701000;;;EXP_X_C;;;;;;;;;;;;;;;;;;;;;;
;BASE;1;1518-20;;;;701000;;;EXP_X_C;;;;;;;;;;;;;;;;;;;;;;
;BASE;1;1518-21;;;;701000;;;EXP_X_C;;;;;;;;;;;;;;;;;;;;;;
;BASE;1;1518-22;;;;701000;;;EXP_X_C;;;;;;;;;;;;;;;;;;;;;;
;BASE;1;1518-23;;;;701000;;;EXP_X_C;;;;;;;;;;;;;;;;;;;;;;
;BASE;1;1518-24;;;;701000;;;EXP_X_C;;;;;;;;;;;;;;;;;;;;;;
;BASE;1;1518-25;;;;701000;;;EXP_X_C;;;;;;;;;;;;;;;;;;;;;;
;BASE;1;1518-26;;;;701000;;;EXP_X_C;;;;;;;;;;;;;;;;;;;;;;
;BASE;1;1518-27;;;;701000;;;EXP_X_C;;;;;;;;;;;;;;;;;;;;;;
;BASE;1;1518-28;;;;701000;;;EXP_X_C;;;;;;;;;;;;;;;;;;;;;;
;BASE;1;1518-29;;;;701000;;;EXP_X_C;;;;;;;;;;;;;;;;;;;;;;
;BASE;1;1518-30;;;;701000;;;EXP_X_C;;;;;;;;;;;;;;;;;;;;;;
;BASE;1;1572-1;;;;701000;;;EXP_X_C;;;;;;;;;;;;;;;;;;;;;;
;BASE;1;1572-2;;;;701000;;;EXP_X_C;;;;;;;;;;;;;;;;;;;;;;
;BASE;1;1572-3;;;;701000;;;EXP_X_C;;;;;;;;;;;;;;;;;;;;;;
;BASE;1;1572-4;;;;701000;;;EXP_X_C;;;;;;;;;;;;;;;;;;;;;;
;BASE;1;1572-5;;;;701000;;;EXP_X_C;;;;;;;;;;;;;;;;;;;;;;
;BASE;1;1572-6;;;;701000;;;EXP_X_C;;;;;;;;;;;;;;;;;;;;;;
;BASE;1;1572-7;;;;701000;;;EXP_X_C;;;;;;;;;;;;;;;;;;;;;;
;BASE;1;1572-8;;;;701000;;;EXP_X_C;;;;;;;;;;;;;;;;;;;;;;
;BASE;1;1572-9;;;;701000;;;EXP_X_C;;;;;;;;;;;;;;;;;;;;;;
;BASE;1;1572-10;;;;701000;;;EXP_X_C;;;;;;;;;;;;;;;;;;;;;;
;BASE;1;1572-11;;;;701000;;;EXP_X_C;;;;;;;;;;;;;;;;;;;;;;
;BASE;1;1572-12;;;;701000;;;EXP_X_C;;;;;;;;;;;;;;;;;;;;;;
;BASE;1;1572-13;;;;701000;;;EXP_X_C;;;;;;;;;;;;;;;;;;;;;;
;BASE;1;1572-14;;;;701000;;;EXP_X_C;;;;;;;;;;;;;;;;;;;;;;
;BASE;1;1572-15;;;;701000;;;EXP_X_C;;;;;;;;;;;;;;;;;;;;;;
;BASE;1;1572-16;;;;701000;;;EXP_X_C;;;;;;;;;;;;;;;;;;;;;;
;BASE;1;1572-17;;;;701000;;;EXP_X_C;;;;;;;;;;;;;;;;;;;;;;
;BASE;1;1572-18;;;;701000;;;EXP_X_C;;;;;;;;;;;;;;;;;;;;;;
;BASE;1;1572-19;;;;701000;;;EXP_X_C;;;;;;;;;;;;;;;;;;;;;;
;BASE;1;1572-20;;;;701000;;;EXP_X_C;;;;;;;;;;;;;;;;;;;;;;
;BASE;1;1024B-1;;;;701000;;;EXP_X_C;;;;;;;;;;;;;;;;;;;;;;
;BASE;1;1024B-2;;;;701000;;;EXP_X_C;;;;;;;;;;;;;;;;;;;;;;
;BASE;1;1024B-3;;;;701000;;;EXP_X_C;;;;;;;;;;;;;;;;;;;;;;
;BASE;1;1024B-4;;;;701000;;;EXP_X_C;;;;;;;;;;;;;;;;;;;;;;
;BASE;1;1024B-5;;;;701000;;;EXP_X_C;;;;;;;;;;;;;;;;;;;;;;
;BASE;1;1024B-6;;;;701000;;;EXP_X_C;;;;;;;;;;;;;;;;;;;;;;
;BASE;1;1024B-7;;;;701000;;;EXP_X_C;;;;;;;;;;;;;;;;;;;;;;
;BASE;1;1024B-8;;;;701000;;;EXP_X_C;;;;;;;;;;;;;;;;;;;;;;
;BASE;1;1024B-9;;;;701000;;;EXP_X_C;;;;;;;;;;;;;;;;;;;;;;
;BASE;1;1024B-10;;;;701000;;;EXP_X_C;;;;;;;;;;;;;;;;;;;;;;
;BASE;1;1603-1;;;;701000;;;EXP_X_C;;;;;;;;;;;;;;;;;;;;;;
;BASE;1;1603-2;;;;701000;;;EXP_X_C;;;;;;;;;;;;;;;;;;;;;;
;BASE;1;1603-3;;;;701000;;;EXP_X_C;;;;;;;;;;;;;;;;;;;;;;
;BASE;1;1603-4;;;;701000;;;EXP_X_C;;;;;;;;;;;;;;;;;;;;;;
;BASE;1;1603-5;;;;701000;;;EXP_X_C;;;;;;;;;;;;;;;;;;;;;;
;BASE;1;1603-6;;;;701000;;;EXP_X_C;;;;;;;;;;;;;;;;;;;;;;
;BASE;1;1603-7;;;;701000;;;EXP_X_C;;;;;;;;;;;;;;;;;;;;;;
;BASE;1;1603-8;;;;701000;;;EXP_X_C;;;;;;;;;;;;;;;;;;;;;;
;BASE;1;1603-9;;;;701000;;;EXP_X_C;;;;;;;;;;;;;;;;;;;;;;
;BASE;1;1603-10;;;;701000;;;EXP_X_C;;;;;;;;;;;;;;;;;;;;;;
;BASE;1;1012-1;;;;701000;;;EXP_X_C;;;;;;;;;;;;;;;;;;;;;;
;BASE;1;1012-2;;;;701000;;;EXP_X_C;;;;;;;;;;;;;;;;;;;;;;
;BASE;1;1012-3;;;;701000;;;EXP_X_C;;;;;;;;;;;;;;;;;;;;;;
;BASE;1;1012-4;;;;701000;;;EXP_X_C;;;;;;;;;;;;;;;;;;;;;;
;BASE;1;1012-5;;;;701000;;;EXP_X_C;;;;;;;;;;;;;;;;;;;;;;
;BASE;1;1012-6;;;;701000;;;EXP_X_C;;;;;;;;;;;;;;;;;;;;;;
;BASE;1;1012-7;;;;701000;;;EXP_X_C;;;;;;;;;;;;;;;;;;;;;;
;BASE;1;1012-8;;;;701000;;;EXP_X_C;;;;;;;;;;;;;;;;;;;;;;
;BASE;1;1012-9;;;;701000;;;EXP_X_C;;;;;;;;;;;;;;;;;;;;;;
;BASE;1;1012-10;;;;701000;;;EXP_X_C;;;;;;;;;;;;;;;;;;;;;;
;BASE;1;1012-11;;;;701000;;;EXP_X_C;;;;;;;;;;;;;;;;;;;;;;
;BASE;1;1012-12;;;;701000;;;EXP_X_C;;;;;;;;;;;;;;;;;;;;;;
;BASE;1;1012-13;;;;701000;;;EXP_X_C;;;;;;;;;;;;;;;;;;;;;;
;BASE;1;1012-14;;;;701000;;;EXP_X_C;;;;;;;;;;;;;;;;;;;;;;
;BASE;1;1012-15;;;;701000;;;EXP_X_C;;;;;;;;;;;;;;;;;;;;;;
;BASE;1;1012-16;;;;701000;;;EXP_X_C;;;;;;;;;;;;;;;;;;;;;;
;BASE;1;1012-17;;;;701000;;;EXP_X_C;;;;;;;;;;;;;;;;;;;;;;
;BASE;1;1012-18;;;;701000;;;EXP_X_C;;;;;;;;;;;;;;;;;;;;;;
;BASE;1;1012-19;;;;701000;;;EXP_X_C;;;;;;;;;;;;;;;;;;;;;;
;BASE;1;1012-20;;;;701000;;;EXP_X_C;;;;;;;;;;;;;;;;;;;;;;
;BASE;1;1049B-1;;;;701000;;;EXP_X_C;;;;;;;;;;;;;;;;;;;;;;
;BASE;1;1049B-2;;;;701000;;;EXP_X_C;;;;;;;;;;;;;;;;;;;;;;
;BASE;1;1049B-3;;;;701000;;;EXP_X_C;;;;;;;;;;;;;;;;;;;;;;
;BASE;1;1049B-4;;;;701000;;;EXP_X_C;;;;;;;;;;;;;;;;;;;;;;
;BASE;1;1049B-5;;;;701000;;;EXP_X_C;;;;;;;;;;;;;;;;;;;;;;
;BASE;1;1049B-6;;;;701000;;;EXP_X_C;;;;;;;;;;;;;;;;;;;;;;
;BASE;1;1049B-7;;;;701000;;;EXP_X_C;;;;;;;;;;;;;;;;;;;;;;
;BASE;1;1049B-8;;;;701000;;;EXP_X_C;;;;;;;;;;;;;;;;;;;;;;
;BASE;1;1049B-9;;;;701000;;;EXP_X_C;;;;;;;;;;;;;;;;;;;;;;
;BASE;1;1049B-10;;;;701000;;;EXP_X_C;;;;;;;;;;;;;;;;;;;;;;
;BASE;1;5090-1;;;;701000;;;EXP_X_C;;;;;;;;;;;;;;;;;;;;;;
;BASE;1;5090-2;;;;701000;;;EXP_X_C;;;;;;;;;;;;;;;;;;;;;;
;BASE;1;5090-3;;;;701000;;;EXP_X_C;;;;;;;;;;;;;;;;;;;;;;
;BASE;1;5090-4;;;;701000;;;EXP_X_C;;;;;;;;;;;;;;;;;;;;;;
;BASE;1;5090-5;;;;701000;;;EXP_X_C;;;;;;;;;;;;;;;;;;;;;;
;BASE;1;5090-6;;;;701000;;;EXP_X_C;;;;;;;;;;;;;;;;;;;;;;
;BASE;1;5090-7;;;;701000;;;EXP_X_C;;;;;;;;;;;;;;;;;;;;;;
;BASE;1;5090-8;;;;701000;;;EXP_X_C;;;;;;;;;;;;;;;;;;;;;;
;BASE;1;5090-9;;;;701000;;;EXP_X_C;;;;;;;;;;;;;;;;;;;;;;
;BASE;1;5090-10;;;;701000;;;EXP_X_C;;;;;;;;;;;;;;;;;;;;;;
;BASE;1;5095-1;;;;701000;;;EXP_X_C;;;;;;;;;;;;;;;;;;;;;;
;BASE;1;5095-2;;;;701000;;;EXP_X_C;;;;;;;;;;;;;;;;;;;;;;
;BASE;1;5095-3;;;;701000;;;EXP_X_C;;;;;;;;;;;;;;;;;;;;;;
;BASE;1;5095-4;;;;701000;;;EXP_X_C;;;;;;;;;;;;;;;;;;;;;;
;BASE;1;5095-5;;;;701000;;;EXP_X_C;;;;;;;;;;;;;;;;;;;;;;
;BASE;1;5095-6;;;;701000;;;EXP_X_C;;;;;;;;;;;;;;;;;;;;;;
;BASE;1;5095-7;;;;701000;;;EXP_X_C;;;;;;;;;;;;;;;;;;;;;;
;BASE;1;5095-8;;;;701000;;;EXP_X_C;;;;;;;;;;;;;;;;;;;;;;
;BASE;1;5095-9;;;;701000;;;EXP_X_C;;;;;;;;;;;;;;;;;;;;;;
;BASE;1;5095-10;;;;701000;;;EXP_X_C;;;;;;;;;;;;;;;;;;;;;;
;BASE;1;5095-11;;;;701000;;;EXP_X_C;;;;;;;;;;;;;;;;;;;;;;
;BASE;1;5095-12;;;;701000;;;EXP_X_C;;;;;;;;;;;;;;;;;;;;;;
;BASE;1;5095-13;;;;701000;;;EXP_X_C;;;;;;;;;;;;;;;;;;;;;;
;BASE;1;5095-14;;;;701000;;;EXP_X_C;;;;;;;;;;;;;;;;;;;;;;
;BASE;1;5095-15;;;;701000;;;EXP_X_C;;;;;;;;;;;;;;;;;;;;;;
;BASE;1;5095-16;;;;701000;;;EXP_X_C;;;;;;;;;;;;;;;;;;;;;;
;BASE;1;5095-17;;;;701000;;;EXP_X_C;;;;;;;;;;;;;;;;;;;;;;
;BASE;1;5095-18;;;;701000;;;EXP_X_C;;;;;;;;;;;;;;;;;;;;;;
;BASE;1;5095-19;;;;701000;;;EXP_X_C;;;;;;;;;;;;;;;;;;;;;;
;BASE;1;5095-20;;;;701000;;;EXP_X_C;;;;;;;;;;;;;;;;;;;;;;
;BASE;1;5095-21;;;;701000;;;EXP_X_C;;;;;;;;;;;;;;;;;;;;;;
;BASE;1;5095-22;;;;701000;;;EXP_X_C;;;;;;;;;;;;;;;;;;;;;;
;BASE;1;5095-23;;;;701000;;;EXP_X_C;;;;;;;;;;;;;;;;;;;;;;
;BASE;1;5095-24;;;;701000;;;EXP_X_C;;;;;;;;;;;;;;;;;;;;;;
;BASE;1;5095-25;;;;701000;;;EXP_X_C;;;;;;;;;;;;;;;;;;;;;;
;BASE;1;5095-26;;;;701000;;;EXP_X_C;;;;;;;;;;;;;;;;;;;;;;
;BASE;1;5095-27;;;;701000;;;EXP_X_C;;;;;;;;;;;;;;;;;;;;;;
;BASE;1;5095-28;;;;701000;;;EXP_X_C;;;;;;;;;;;;;;;;;;;;;;
;BASE;1;5095-29;;;;701000;;;EXP_X_C;;;;;;;;;;;;;;;;;;;;;;
;BASE;1;5095-30;;;;701000;;;EXP_X_C;;;;;;;;;;;;;;;;;;;;;;
;BASE;1;1002E-1;;;;701000;;;EXP_X_C;;;;;;;;;;;;;;;;;;;;;;
;BASE;1;1002E-2;;;;701000;;;EXP_X_C;;;;;;;;;;;;;;;;;;;;;;
;BASE;1;1002E-3;;;;701000;;;EXP_X_C;;;;;;;;;;;;;;;;;;;;;;
;BASE;1;1002E-4;;;;701000;;;EXP_X_C;;;;;;;;;;;;;;;;;;;;;;
;BASE;1;1002E-5;;;;701000;;;EXP_X_C;;;;;;;;;;;;;;;;;;;;;;
;BASE;1;1002E-6;;;;701000;;;EXP_X_C;;;;;;;;;;;;;;;;;;;;;;
;BASE;1;1002E-7;;;;701000;;;EXP_X_C;;;;;;;;;;;;;;;;;;;;;;
;BASE;1;1002E-8;;;;701000;;;EXP_X_C;;;;;;;;;;;;;;;;;;;;;;
;BASE;1;1002E-9;;;;701000;;;EXP_X_C;;;;;;;;;;;;;;;;;;;;;;
;BASE;1;1002E-10;;;;701000;;;EXP_X_C;;;;;;;;;;;;;;;;;;;;;;
;BASE;1;1505-1;;;;701000;;;EXP_X_C;;;;;;;;;;;;;;;;;;;;;;
;BASE;1;1505-2;;;;701000;;;EXP_X_C;;;;;;;;;;;;;;;;;;;;;;
;BASE;1;1505-3;;;;701000;;;EXP_X_C;;;;;;;;;;;;;;;;;;;;;;
;BASE;1;1505-4;;;;701000;;;EXP_X_C;;;;;;;;;;;;;;;;;;;;;;
;BASE;1;1505-5;;;;701000;;;EXP_X_C;;;;;;;;;;;;;;;;;;;;;;
;BASE;1;1505-6;;;;701000;;;EXP_X_C;;;;;;;;;;;;;;;;;;;;;;
;BASE;1;1505-7;;;;701000;;;EXP_X_C;;;;;;;;;;;;;;;;;;;;;;
;BASE;1;1505-8;;;;701000;;;EXP_X_C;;;;;;;;;;;;;;;;;;;;;;
;BASE;1;1505-9;;;;701000;;;EXP_X_C;;;;;;;;;;;;;;;;;;;;;;
;BASE;1;1505-10;;;;701000;;;EXP_X_C;;;;;;;;;;;;;;;;;;;;;;
;BASE;1;1505-11;;;;701000;;;EXP_X_C;;;;;;;;;;;;;;;;;;;;;;
;BASE;1;1505-12;;;;701000;;;EXP_X_C;;;;;;;;;;;;;;;;;;;;;;
;BASE;1;1505-13;;;;701000;;;EXP_X_C;;;;;;;;;;;;;;;;;;;;;;
;BASE;1;1505-14;;;;701000;;;EXP_X_C;;;;;;;;;;;;;;;;;;;;;;
;BASE;1;1505-15;;;;701000;;;EXP_X_C;;;;;;;;;;;;;;;;;;;;;;
;BASE;1;1505-16;;;;701000;;;EXP_X_C;;;;;;;;;;;;;;;;;;;;;;
;BASE;1;1505-17;;;;701000;;;EXP_X_C;;;;;;;;;;;;;;;;;;;;;;
;BASE;1;1505-18;;;;701000;;;EXP_X_C;;;;;;;;;;;;;;;;;;;;;;
;BASE;1;1505-19;;;;701000;;;EXP_X_C;;;;;;;;;;;;;;;;;;;;;;
;BASE;1;1505-20;;;;701000;;;EXP_X_C;;;;;;;;;;;;;;;;;;;;;;
;BASE;1;6173-1;;;;701000;;;EXP_X_C;;;;;;;;;;;;;;;;;;;;;;
;BASE;1;6173-2;;;;701000;;;EXP_X_C;;;;;;;;;;;;;;;;;;;;;;
;BASE;1;6173-3;;;;701000;;;EXP_X_C;;;;;;;;;;;;;;;;;;;;;;
;BASE;1;6173-4;;;;701000;;;EXP_X_C;;;;;;;;;;;;;;;;;;;;;;
;BASE;1;6173-5;;;;701000;;;EXP_X_C;;;;;;;;;;;;;;;;;;;;;;
;BASE;1;6173-6;;;;701000;;;EXP_X_C;;;;;;;;;;;;;;;;;;;;;;
;BASE;1;6173-7;;;;701000;;;EXP_X_C;;;;;;;;;;;;;;;;;;;;;;
;BASE;1;6173-8;;;;701000;;;EXP_X_C;;;;;;;;;;;;;;;;;;;;;;
;BASE;1;6173-9;;;;701000;;;EXP_X_C;;;;;;;;;;;;;;;;;;;;;;
;BASE;1;6173-10;;;;701000;;;EXP_X_C;;;;;;;;;;;;;;;;;;;;;;
;BASE;1;1612-1;;;;701000;;;EXP_X_C;;;;;;;;;;;;;;;;;;;;;;
;BASE;1;1612-2;;;;701000;;;EXP_X_C;;;;;;;;;;;;;;;;;;;;;;
;BASE;1;1612-3;;;;701000;;;EXP_X_C;;;;;;;;;;;;;;;;;;;;;;
;BASE;1;1612-4;;;;701000;;;EXP_X_C;;;;;;;;;;;;;;;;;;;;;;
;BASE;1;1612-5;;;;701000;;;EXP_X_C;;;;;;;;;;;;;;;;;;;;;;
;BASE;1;1612-6;;;;701000;;;EXP_X_C;;;;;;;;;;;;;;;;;;;;;;
;BASE;1;1612-7;;;;701000;;;EXP_X_C;;;;;;;;;;;;;;;;;;;;;;
;BASE;1;1612-8;;;;701000;;;EXP_X_C;;;;;;;;;;;;;;;;;;;;;;
;BASE;1;1612-9;;;;701000;;;EXP_X_C;;;;;;;;;;;;;;;;;;;;;;
;BASE;1;1612-10;;;;701000;;;EXP_X_C;;;;;;;;;;;;;;;;;;;;;;
;BASE;1;1612-11;;;;701000;;;EXP_X_C;;;;;;;;;;;;;;;;;;;;;;
;BASE;1;1612-12;;;;701000;;;EXP_X_C;;;;;;;;;;;;;;;;;;;;;;
;BASE;1;1612-13;;;;701000;;;EXP_X_C;;;;;;;;;;;;;;;;;;;;;;
;BASE;1;1612-14;;;;701000;;;EXP_X_C;;;;;;;;;;;;;;;;;;;;;;
;BASE;1;1612-15;;;;701000;;;EXP_X_C;;;;;;;;;;;;;;;;;;;;;;
;BASE;1;1612-16;;;;701000;;;EXP_X_C;;;;;;;;;;;;;;;;;;;;;;
;BASE;1;1612-17;;;;701000;;;EXP_X_C;;;;;;;;;;;;;;;;;;;;;;
;BASE;1;1612-18;;;;701000;;;EXP_X_C;;;;;;;;;;;;;;;;;;;;;;
;BASE;1;1612-19;;;;701000;;;EXP_X_C;;;;;;;;;;;;;;;;;;;;;;
;BASE;1;1612-20;;;;701000;;;EXP_X_C;;;;;;;;;;;;;;;;;;;;;;
;BASE;1;1604-1;;;;701000;;;EXP_X_C;;;;;;;;;;;;;;;;;;;;;;
;BASE;1;1604-2;;;;701000;;;EXP_X_C;;;;;;;;;;;;;;;;;;;;;;
;BASE;1;1604-3;;;;701000;;;EXP_X_C;;;;;;;;;;;;;;;;;;;;;;
;BASE;1;1604-4;;;;701000;;;EXP_X_C;;;;;;;;;;;;;;;;;;;;;;
;BASE;1;1604-5;;;;701000;;;EXP_X_C;;;;;;;;;;;;;;;;;;;;;;
;BASE;1;1604-6;;;;701000;;;EXP_X_C;;;;;;;;;;;;;;;;;;;;;;
;BASE;1;1604-7;;;;701000;;;EXP_X_C;;;;;;;;;;;;;;;;;;;;;;
;BASE;1;1604-8;;;;701000;;;EXP_X_C;;;;;;;;;;;;;;;;;;;;;;
;BASE;1;1604-9;;;;701000;;;EXP_X_C;;;;;;;;;;;;;;;;;;;;;;
;BASE;1;1604-10;;;;701000;;;EXP_X_C;;;;;;;;;;;;;;;;;;;;;;
;BASE;1;1064-1;;;;701000;;;EXP_X_C;;;;;;;;;;;;;;;;;;;;;;
;BASE;1;1064-2;;;;701000;;;EXP_X_C;;;;;;;;;;;;;;;;;;;;;;
;BASE;1;1064-3;;;;701000;;;EXP_X_C;;;;;;;;;;;;;;;;;;;;;;
;BASE;1;1064-4;;;;701000;;;EXP_X_C;;;;;;;;;;;;;;;;;;;;;;
;BASE;1;1064-5;;;;701000;;;EXP_X_C;;;;;;;;;;;;;;;;;;;;;;
;BASE;1;1064-6;;;;701000;;;EXP_X_C;;;;;;;;;;;;;;;;;;;;;;
;BASE;1;1064-7;;;;701000;;;EXP_X_C;;;;;;;;;;;;;;;;;;;;;;
;BASE;1;1064-8;;;;701000;;;EXP_X_C;;;;;;;;;;;;;;;;;;;;;;
;BASE;1;1064-9;;;;701000;;;EXP_X_C;;;;;;;;;;;;;;;;;;;;;;
;BASE;1;1064-10;;;;701000;;;EXP_X_C;;;;;;;;;;;;;;;;;;;;;;
;BASE;1;1064-11;;;;701000;;;EXP_X_C;;;;;;;;;;;;;;;;;;;;;;
;BASE;1;1064-12;;;;701000;;;EXP_X_C;;;;;;;;;;;;;;;;;;;;;;
;BASE;1;1064-13;;;;701000;;;EXP_X_C;;;;;;;;;;;;;;;;;;;;;;
;BASE;1;1064-14;;;;701000;;;EXP_X_C;;;;;;;;;;;;;;;;;;;;;;
;BASE;1;1064-15;;;;701000;;;EXP_X_C;;;;;;;;;;;;;;;;;;;;;;
;BASE;1;1064-16;;;;701000;;;EXP_X_C;;;;;;;;;;;;;;;;;;;;;;
;BASE;1;1064-17;;;;701000;;;EXP_X_C;;;;;;;;;;;;;;;;;;;;;;
;BASE;1;1064-18;;;;701000;;;EXP_X_C;;;;;;;;;;;;;;;;;;;;;;
;BASE;1;1064-19;;;;701000;;;EXP_X_C;;;;;;;;;;;;;;;;;;;;;;
;BASE;1;1064-20;;;;701000;;;EXP_X_C;;;;;;;;;;;;;;;;;;;;;;
;BASE;1;1506-1;;;;701000;;;EXP_X_C;;;;;;;;;;;;;;;;;;;;;;
;BASE;1;1506-2;;;;701000;;;EXP_X_C;;;;;;;;;;;;;;;;;;;;;;
;BASE;1;1506-3;;;;701000;;;EXP_X_C;;;;;;;;;;;;;;;;;;;;;;
;BASE;1;1506-4;;;;701000;;;EXP_X_C;;;;;;;;;;;;;;;;;;;;;;
;BASE;1;1506-5;;;;701000;;;EXP_X_C;;;;;;;;;;;;;;;;;;;;;;
;BASE;1;1506-6;;;;701000;;;EXP_X_C;;;;;;;;;;;;;;;;;;;;;;
;BASE;1;1506-7;;;;701000;;;EXP_X_C;;;;;;;;;;;;;;;;;;;;;;
;BASE;1;1506-8;;;;701000;;;EXP_X_C;;;;;;;;;;;;;;;;;;;;;;
;BASE;1;1506-9;;;;701000;;;EXP_X_C;;;;;;;;;;;;;;;;;;;;;;
;BASE;1;1506-10;;;;701000;;;EXP_X_C;;;;;;;;;;;;;;;;;;;;;;
;BASE;1;5031-1;;;;701000;;;EXP_X_C;;;;;;;;;;;;;;;;;;;;;;
;BASE;1;5031-2;;;;701000;;;EXP_X_C;;;;;;;;;;;;;;;;;;;;;;
;BASE;1;5031-3;;;;701000;;;EXP_X_C;;;;;;;;;;;;;;;;;;;;;;
;BASE;1;5031-4;;;;701000;;;EXP_X_C;;;;;;;;;;;;;;;;;;;;;;
;BASE;1;5031-5;;;;701000;;;EXP_X_C;;;;;;;;;;;;;;;;;;;;;;
;BASE;1;5031-6;;;;701000;;;EXP_X_C;;;;;;;;;;;;;;;;;;;;;;
;BASE;1;5031-7;;;;701000;;;EXP_X_C;;;;;;;;;;;;;;;;;;;;;;
;BASE;1;5031-8;;;;701000;;;EXP_X_C;;;;;;;;;;;;;;;;;;;;;;
;BASE;1;5031-9;;;;701000;;;EXP_X_C;;;;;;;;;;;;;;;;;;;;;;
;BASE;1;5031-10;;;;701000;;;EXP_X_C;;;;;;;;;;;;;;;;;;;;;;
;BASE;1;1061A-1;;;;701000;;;EXP_X_C;;;;;;;;;;;;;;;;;;;;;;
;BASE;1;1061A-2;;;;701000;;;EXP_X_C;;;;;;;;;;;;;;;;;;;;;;
;BASE;1;1061A-3;;;;701000;;;EXP_X_C;;;;;;;;;;;;;;;;;;;;;;
;BASE;1;1061A-4;;;;701000;;;EXP_X_C;;;;;;;;;;;;;;;;;;;;;;
;BASE;1;1061A-5;;;;701000;;;EXP_X_C;;;;;;;;;;;;;;;;;;;;;;
;BASE;1;1061A-6;;;;701000;;;EXP_X_C;;;;;;;;;;;;;;;;;;;;;;
;BASE;1;1061A-7;;;;701000;;;EXP_X_C;;;;;;;;;;;;;;;;;;;;;;
;BASE;1;1061A-8;;;;701000;;;EXP_X_C;;;;;;;;;;;;;;;;;;;;;;
;BASE;1;1061A-9;;;;701000;;;EXP_X_C;;;;;;;;;;;;;;;;;;;;;;
;BASE;1;1061A-10;;;;701000;;;EXP_X_C;;;;;;;;;;;;;;;;;;;;;;
;BASE;1;1016-1;;;;701000;;;EXP_X_C;;;;;;;;;;;;;;;;;;;;;;
;BASE;1;1016-2;;;;701000;;;EXP_X_C;;;;;;;;;;;;;;;;;;;;;;
;BASE;1;1016-3;;;;701000;;;EXP_X_C;;;;;;;;;;;;;;;;;;;;;;
;BASE;1;1016-4;;;;701000;;;EXP_X_C;;;;;;;;;;;;;;;;;;;;;;
;BASE;1;1016-5;;;;701000;;;EXP_X_C;;;;;;;;;;;;;;;;;;;;;;
;BASE;1;1016-6;;;;701000;;;EXP_X_C;;;;;;;;;;;;;;;;;;;;;;
;BASE;1;1016-7;;;;701000;;;EXP_X_C;;;;;;;;;;;;;;;;;;;;;;
;BASE;1;1016-8;;;;701000;;;EXP_X_C;;;;;;;;;;;;;;;;;;;;;;
;BASE;1;1016-9;;;;701000;;;EXP_X_C;;;;;;;;;;;;;;;;;;;;;;
;BASE;1;1016-10;;;;701000;;;EXP_X_C;;;;;;;;;;;;;;;;;;;;;;
;BASE;1;5030-1;;;;701000;;;EXP_X_C;;;;;;;;;;;;;;;;;;;;;;
;BASE;1;5030-2;;;;701000;;;EXP_X_C;;;;;;;;;;;;;;;;;;;;;;
;BASE;1;5030-3;;;;701000;;;EXP_X_C;;;;;;;;;;;;;;;;;;;;;;
;BASE;1;5030-4;;;;701000;;;EXP_X_C;;;;;;;;;;;;;;;;;;;;;;
;BASE;1;5030-5;;;;701000;;;EXP_X_C;;;;;;;;;;;;;;;;;;;;;;
;BASE;1;5030-6;;;;701000;;;EXP_X_C;;;;;;;;;;;;;;;;;;;;;;
;BASE;1;5030-7;;;;701000;;;EXP_X_C;;;;;;;;;;;;;;;;;;;;;;
;BASE;1;5030-8;;;;701000;;;EXP_X_C;;;;;;;;;;;;;;;;;;;;;;
;BASE;1;5030-9;;;;701000;;;EXP_X_C;;;;;;;;;;;;;;;;;;;;;;
;BASE;1;5030-10;;;;701000;;;EXP_X_C;;;;;;;;;;;;;;;;;;;;;;
;BASE;1;5030-11;;;;701000;;;EXP_X_C;;;;;;;;;;;;;;;;;;;;;;
;BASE;1;5030-12;;;;701000;;;EXP_X_C;;;;;;;;;;;;;;;;;;;;;;
;BASE;1;5030-13;;;;701000;;;EXP_X_C;;;;;;;;;;;;;;;;;;;;;;
;BASE;1;5030-14;;;;701000;;;EXP_X_C;;;;;;;;;;;;;;;;;;;;;;
;BASE;1;5030-15;;;;701000;;;EXP_X_C;;;;;;;;;;;;;;;;;;;;;;
;BASE;1;5030-16;;;;701000;;;EXP_X_C;;;;;;;;;;;;;;;;;;;;;;
;BASE;1;5030-17;;;;701000;;;EXP_X_C;;;;;;;;;;;;;;;;;;;;;;
;BASE;1;5030-18;;;;701000;;;EXP_X_C;;;;;;;;;;;;;;;;;;;;;;
;BASE;1;5030-19;;;;701000;;;EXP_X_C;;;;;;;;;;;;;;;;;;;;;;
;BASE;1;5030-20;;;;701000;;;EXP_X_C;;;;;;;;;;;;;;;;;;;;;;
;BASE;1;1503-1;;;;701000;;;EXP_X_C;;;;;;;;;;;;;;;;;;;;;;
;BASE;1;1503-2;;;;701000;;;EXP_X_C;;;;;;;;;;;;;;;;;;;;;;
;BASE;1;1503-3;;;;701000;;;EXP_X_C;;;;;;;;;;;;;;;;;;;;;;
;BASE;1;1503-4;;;;701000;;;EXP_X_C;;;;;;;;;;;;;;;;;;;;;;
;BASE;1;1503-5;;;;701000;;;EXP_X_C;;;;;;;;;;;;;;;;;;;;;;
;BASE;1;1503-6;;;;701000;;;EXP_X_C;;;;;;;;;;;;;;;;;;;;;;
;BASE;1;1503-7;;;;701000;;;EXP_X_C;;;;;;;;;;;;;;;;;;;;;;
;BASE;1;1503-8;;;;701000;;;EXP_X_C;;;;;;;;;;;;;;;;;;;;;;
;BASE;1;1503-9;;;;701000;;;EXP_X_C;;;;;;;;;;;;;;;;;;;;;;
;BASE;1;1503-10;;;;701000;;;EXP_X_C;;;;;;;;;;;;;;;;;;;;;;
;BASE;1;1503-11;;;;701000;;;EXP_X_C;;;;;;;;;;;;;;;;;;;;;;
;BASE;1;1503-12;;;;701000;;;EXP_X_C;;;;;;;;;;;;;;;;;;;;;;
;BASE;1;1503-13;;;;701000;;;EXP_X_C;;;;;;;;;;;;;;;;;;;;;;
;BASE;1;1503-14;;;;701000;;;EXP_X_C;;;;;;;;;;;;;;;;;;;;;;
;BASE;1;1503-15;;;;701000;;;EXP_X_C;;;;;;;;;;;;;;;;;;;;;;
;BASE;1;1503-16;;;;701000;;;EXP_X_C;;;;;;;;;;;;;;;;;;;;;;
;BASE;1;1503-17;;;;701000;;;EXP_X_C;;;;;;;;;;;;;;;;;;;;;;
;BASE;1;1503-18;;;;701000;;;EXP_X_C;;;;;;;;;;;;;;;;;;;;;;
;BASE;1;1503-19;;;;701000;;;EXP_X_C;;;;;;;;;;;;;;;;;;;;;;
;BASE;1;1503-20;;;;701000;;;EXP_X_C;;;;;;;;;;;;;;;;;;;;;;
;BASE;1;1034A-1;;;;701000;;;EXP_X_C;;;;;;;;;;;;;;;;;;;;;;
;BASE;1;1034A-2;;;;701000;;;EXP_X_C;;;;;;;;;;;;;;;;;;;;;;
;BASE;1;1034A-3;;;;701000;;;EXP_X_C;;;;;;;;;;;;;;;;;;;;;;
;BASE;1;1034A-4;;;;701000;;;EXP_X_C;;;;;;;;;;;;;;;;;;;;;;
;BASE;1;1034A-5;;;;701000;;;EXP_X_C;;;;;;;;;;;;;;;;;;;;;;
;BASE;1;1034A-6;;;;701000;;;EXP_X_C;;;;;;;;;;;;;;;;;;;;;;
;BASE;1;1034A-7;;;;701000;;;EXP_X_C;;;;;;;;;;;;;;;;;;;;;;
;BASE;1;1034A-8;;;;701000;;;EXP_X_C;;;;;;;;;;;;;;;;;;;;;;
;BASE;1;1034A-9;;;;701000;;;EXP_X_C;;;;;;;;;;;;;;;;;;;;;;
;BASE;1;1034A-10;;;;701000;;;EXP_X_C;;;;;;;;;;;;;;;;;;;;;;
;BASE;1;1034B-1;;;;701000;;;EXP_X_C;;;;;;;;;;;;;;;;;;;;;;
;BASE;1;1034B-2;;;;701000;;;EXP_X_C;;;;;;;;;;;;;;;;;;;;;;
;BASE;1;1034B-3;;;;701000;;;EXP_X_C;;;;;;;;;;;;;;;;;;;;;;
;BASE;1;1034B-4;;;;701000;;;EXP_X_C;;;;;;;;;;;;;;;;;;;;;;
;BASE;1;1034B-5;;;;701000;;;EXP_X_C;;;;;;;;;;;;;;;;;;;;;;
;BASE;1;1034B-6;;;;701000;;;EXP_X_C;;;;;;;;;;;;;;;;;;;;;;
;BASE;1;1034B-7;;;;701000;;;EXP_X_C;;;;;;;;;;;;;;;;;;;;;;
;BASE;1;1034B-8;;;;701000;;;EXP_X_C;;;;;;;;;;;;;;;;;;;;;;
;BASE;1;1034B-9;;;;701000;;;EXP_X_C;;;;;;;;;;;;;;;;;;;;;;
;BASE;1;1034B-10;;;;701000;;;EXP_X_C;;;;;;;;;;;;;;;;;;;;;;
;BASE;1;1566-1;;;;701000;;;EXP_X_C;;;;;;;;;;;;;;;;;;;;;;
;BASE;1;1566-2;;;;701000;;;EXP_X_C;;;;;;;;;;;;;;;;;;;;;;
;BASE;1;1566-3;;;;701000;;;EXP_X_C;;;;;;;;;;;;;;;;;;;;;;
;BASE;1;1566-4;;;;701000;;;EXP_X_C;;;;;;;;;;;;;;;;;;;;;;
;BASE;1;1566-5;;;;701000;;;EXP_X_C;;;;;;;;;;;;;;;;;;;;;;
;BASE;1;1566-6;;;;701000;;;EXP_X_C;;;;;;;;;;;;;;;;;;;;;;
;BASE;1;1566-7;;;;701000;;;EXP_X_C;;;;;;;;;;;;;;;;;;;;;;
;BASE;1;1566-8;;;;701000;;;EXP_X_C;;;;;;;;;;;;;;;;;;;;;;
;BASE;1;1566-9;;;;701000;;;EXP_X_C;;;;;;;;;;;;;;;;;;;;;;
;BASE;1;1566-10;;;;701000;;;EXP_X_C;;;;;;;;;;;;;;;;;;;;;;
;BASE;1;5040-1;;;;701000;;;EXP_X_C;;;;;;;;;;;;;;;;;;;;;;
;BASE;1;5040-2;;;;701000;;;EXP_X_C;;;;;;;;;;;;;;;;;;;;;;
;BASE;1;5040-3;;;;701000;;;EXP_X_C;;;;;;;;;;;;;;;;;;;;;;
;BASE;1;5040-4;;;;701000;;;EXP_X_C;;;;;;;;;;;;;;;;;;;;;;
;BASE;1;5040-5;;;;701000;;;EXP_X_C;;;;;;;;;;;;;;;;;;;;;;
;BASE;1;5040-6;;;;701000;;;EXP_X_C;;;;;;;;;;;;;;;;;;;;;;
;BASE;1;5040-7;;;;701000;;;EXP_X_C;;;;;;;;;;;;;;;;;;;;;;
;BASE;1;5040-8;;;;701000;;;EXP_X_C;;;;;;;;;;;;;;;;;;;;;;
;BASE;1;5040-9;;;;701000;;;EXP_X_C;;;;;;;;;;;;;;;;;;;;;;
;BASE;1;5040-10;;;;701000;;;EXP_X_C;;;;;;;;;;;;;;;;;;;;;;
;BASE;1;5040-11;;;;701000;;;EXP_X_C;;;;;;;;;;;;;;;;;;;;;;
;BASE;1;5040-12;;;;701000;;;EXP_X_C;;;;;;;;;;;;;;;;;;;;;;
;BASE;1;5040-13;;;;701000;;;EXP_X_C;;;;;;;;;;;;;;;;;;;;;;
;BASE;1;5040-14;;;;701000;;;EXP_X_C;;;;;;;;;;;;;;;;;;;;;;
;BASE;1;5040-15;;;;701000;;;EXP_X_C;;;;;;;;;;;;;;;;;;;;;;
;BASE;1;5040-16;;;;701000;;;EXP_X_C;;;;;;;;;;;;;;;;;;;;;;
;BASE;1;5040-17;;;;701000;;;EXP_X_C;;;;;;;;;;;;;;;;;;;;;;
;BASE;1;5040-18;;;;701000;;;EXP_X_C;;;;;;;;;;;;;;;;;;;;;;
;BASE;1;5040-19;;;;701000;;;EXP_X_C;;;;;;;;;;;;;;;;;;;;;;
;BASE;1;5040-20;;;;701000;;;EXP_X_C;;;;;;;;;;;;;;;;;;;;;;
;BASE;1;1006-1;;;;701000;;;EXP_X_C;;;;;;;;;;;;;;;;;;;;;;
;BASE;1;1006-2;;;;701000;;;EXP_X_C;;;;;;;;;;;;;;;;;;;;;;
;BASE;1;1006-3;;;;701000;;;EXP_X_C;;;;;;;;;;;;;;;;;;;;;;
;BASE;1;1006-4;;;;701000;;;EXP_X_C;;;;;;;;;;;;;;;;;;;;;;
;BASE;1;1006-5;;;;701000;;;EXP_X_C;;;;;;;;;;;;;;;;;;;;;;
;BASE;1;1006-6;;;;701000;;;EXP_X_C;;;;;;;;;;;;;;;;;;;;;;
;BASE;1;1006-7;;;;701000;;;EXP_X_C;;;;;;;;;;;;;;;;;;;;;;
;BASE;1;1006-8;;;;701000;;;EXP_X_C;;;;;;;;;;;;;;;;;;;;;;
;BASE;1;1006-9;;;;701000;;;EXP_X_C;;;;;;;;;;;;;;;;;;;;;;
;BASE;1;1006-10;;;;701000;;;EXP_X_C;;;;;;;;;;;;;;;;;;;;;;
;BASE;1;1006-11;;;;701000;;;EXP_X_C;;;;;;;;;;;;;;;;;;;;;;
;BASE;1;1006-12;;;;701000;;;EXP_X_C;;;;;;;;;;;;;;;;;;;;;;
;BASE;1;1006-13;;;;701000;;;EXP_X_C;;;;;;;;;;;;;;;;;;;;;;
;BASE;1;1006-14;;;;701000;;;EXP_X_C;;;;;;;;;;;;;;;;;;;;;;
;BASE;1;1006-15;;;;701000;;;EXP_X_C;;;;;;;;;;;;;;;;;;;;;;
;BASE;1;1006-16;;;;701000;;;EXP_X_C;;;;;;;;;;;;;;;;;;;;;;
;BASE;1;1006-17;;;;701000;;;EXP_X_C;;;;;;;;;;;;;;;;;;;;;;
;BASE;1;1006-18;;;;701000;;;EXP_X_C;;;;;;;;;;;;;;;;;;;;;;
;BASE;1;1006-19;;;;701000;;;EXP_X_C;;;;;;;;;;;;;;;;;;;;;;
;BASE;1;1006-20;;;;701000;;;EXP_X_C;;;;;;;;;;;;;;;;;;;;;;
;BASE;1;5036-1;;;;701000;;;EXP_X_C;;;;;;;;;;;;;;;;;;;;;;
;BASE;1;5036-2;;;;701000;;;EXP_X_C;;;;;;;;;;;;;;;;;;;;;;
;BASE;1;5036-3;;;;701000;;;EXP_X_C;;;;;;;;;;;;;;;;;;;;;;
;BASE;1;5036-4;;;;701000;;;EXP_X_C;;;;;;;;;;;;;;;;;;;;;;
;BASE;1;5036-5;;;;701000;;;EXP_X_C;;;;;;;;;;;;;;;;;;;;;;
;BASE;1;5036-6;;;;701000;;;EXP_X_C;;;;;;;;;;;;;;;;;;;;;;
;BASE;1;5036-7;;;;701000;;;EXP_X_C;;;;;;;;;;;;;;;;;;;;;;
;BASE;1;5036-8;;;;701000;;;EXP_X_C;;;;;;;;;;;;;;;;;;;;;;
;BASE;1;5036-9;;;;701000;;;EXP_X_C;;;;;;;;;;;;;;;;;;;;;;
;BASE;1;5036-10;;;;701000;;;EXP_X_C;;;;;;;;;;;;;;;;;;;;;;
;BASE;1;5036-11;;;;701000;;;EXP_X_C;;;;;;;;;;;;;;;;;;;;;;
;BASE;1;5036-12;;;;701000;;;EXP_X_C;;;;;;;;;;;;;;;;;;;;;;
;BASE;1;5036-13;;;;701000;;;EXP_X_C;;;;;;;;;;;;;;;;;;;;;;
;BASE;1;5036-14;;;;701000;;;EXP_X_C;;;;;;;;;;;;;;;;;;;;;;
;BASE;1;5036-15;;;;701000;;;EXP_X_C;;;;;;;;;;;;;;;;;;;;;;
;BASE;1;5036-16;;;;701000;;;EXP_X_C;;;;;;;;;;;;;;;;;;;;;;
;BASE;1;5036-17;;;;701000;;;EXP_X_C;;;;;;;;;;;;;;;;;;;;;;
;BASE;1;5036-18;;;;701000;;;EXP_X_C;;;;;;;;;;;;;;;;;;;;;;
;BASE;1;5036-19;;;;701000;;;EXP_X_C;;;;;;;;;;;;;;;;;;;;;;
;BASE;1;5036-20;;;;701000;;;EXP_X_C;;;;;;;;;;;;;;;;;;;;;;
;BASE;1;3001-1;;;;701000;;;EXP_X_C;;;;;;;;;;;;;;;;;;;;;;
;BASE;1;3001-2;;;;701000;;;EXP_X_C;;;;;;;;;;;;;;;;;;;;;;
;BASE;1;3001-3;;;;701000;;;EXP_X_C;;;;;;;;;;;;;;;;;;;;;;
;BASE;1;3001-4;;;;701000;;;EXP_X_C;;;;;;;;;;;;;;;;;;;;;;
;BASE;1;3001-5;;;;701000;;;EXP_X_C;;;;;;;;;;;;;;;;;;;;;;
;BASE;1;3001-6;;;;701000;;;EXP_X_C;;;;;;;;;;;;;;;;;;;;;;
;BASE;1;3001-7;;;;701000;;;EXP_X_C;;;;;;;;;;;;;;;;;;;;;;
;BASE;1;3001-8;;;;701000;;;EXP_X_C;;;;;;;;;;;;;;;;;;;;;;
;BASE;1;3001-9;;;;701000;;;EXP_X_C;;;;;;;;;;;;;;;;;;;;;;
;BASE;1;3001-10;;;;701000;;;EXP_X_C;;;;;;;;;;;;;;;;;;;;;;
;BASE;1;9451-1;;;;701000;;;EXP_X_C;;;;;;;;;;;;;;;;;;;;;;
;BASE;1;9451-2;;;;701000;;;EXP_X_C;;;;;;;;;;;;;;;;;;;;;;
;BASE;1;9451-3;;;;701000;;;EXP_X_C;;;;;;;;;;;;;;;;;;;;;;
;BASE;1;9451-4;;;;701000;;;EXP_X_C;;;;;;;;;;;;;;;;;;;;;;
;BASE;1;9451-5;;;;701000;;;EXP_X_C;;;;;;;;;;;;;;;;;;;;;;
;BASE;1;9451-6;;;;701000;;;EXP_X_C;;;;;;;;;;;;;;;;;;;;;;
;BASE;1;9451-7;;;;701000;;;EXP_X_C;;;;;;;;;;;;;;;;;;;;;;
;BASE;1;9451-8;;;;701000;;;EXP_X_C;;;;;;;;;;;;;;;;;;;;;;
;BASE;1;9451-9;;;;701000;;;EXP_X_C;;;;;;;;;;;;;;;;;;;;;;
;BASE;1;9451-10;;;;701000;;;EXP_X_C;;;;;;;;;;;;;;;;;;;;;;
;BASE;1;9461-1;;;;701000;;;EXP_X_C;;;;;;;;;;;;;;;;;;;;;;
;BASE;1;9461-2;;;;701000;;;EXP_X_C;;;;;;;;;;;;;;;;;;;;;;
;BASE;1;9461-3;;;;701000;;;EXP_X_C;;;;;;;;;;;;;;;;;;;;;;
;BASE;1;9461-4;;;;701000;;;EXP_X_C;;;;;;;;;;;;;;;;;;;;;;
;BASE;1;9461-5;;;;701000;;;EXP_X_C;;;;;;;;;;;;;;;;;;;;;;
;BASE;1;9461-6;;;;701000;;;EXP_X_C;;;;;;;;;;;;;;;;;;;;;;
;BASE;1;9461-7;;;;701000;;;EXP_X_C;;;;;;;;;;;;;;;;;;;;;;
;BASE;1;9461-8;;;;701000;;;EXP_X_C;;;;;;;;;;;;;;;;;;;;;;
;BASE;1;9461-9;;;;701000;;;EXP_X_C;;;;;;;;;;;;;;;;;;;;;;
;BASE;1;9461-10;;;;701000;;;EXP_X_C;;;;;;;;;;;;;;;;;;;;;;
;BASE;1;FP1006-1;;;;701000;;;EXP_X_C;;;;;;;;;;;;;;;;;;;;;;
;BASE;1;FP1006-2;;;;701000;;;EXP_X_C;;;;;;;;;;;;;;;;;;;;;;
;BASE;1;FP1006-3;;;;701000;;;EXP_X_C;;;;;;;;;;;;;;;;;;;;;;
;BASE;1;FP1006-4;;;;701000;;;EXP_X_C;;;;;;;;;;;;;;;;;;;;;;
;BASE;1;FP1006-5;;;;701000;;;EXP_X_C;;;;;;;;;;;;;;;;;;;;;;
;BASE;1;FP1006-6;;;;701000;;;EXP_X_C;;;;;;;;;;;;;;;;;;;;;;
;BASE;1;FP1006-7;;;;701000;;;EXP_X_C;;;;;;;;;;;;;;;;;;;;;;
;BASE;1;FP1006-8;;;;701000;;;EXP_X_C;;;;;;;;;;;;;;;;;;;;;;
;BASE;1;FP1006-9;;;;701000;;;EXP_X_C;;;;;;;;;;;;;;;;;;;;;;
;BASE;1;FP1006-10;;;;701000;;;EXP_X_C;;;;;;;;;;;;;;;;;;;;;;
;BASE;1;6015-1;;;;701000;;;EXP_X_C;;;;;;;;;;;;;;;;;;;;;;
;BASE;1;6015-2;;;;701000;;;EXP_X_C;;;;;;;;;;;;;;;;;;;;;;
;BASE;1;6015-3;;;;701000;;;EXP_X_C;;;;;;;;;;;;;;;;;;;;;;
;BASE;1;6015-4;;;;701000;;;EXP_X_C;;;;;;;;;;;;;;;;;;;;;;
;BASE;1;6015-5;;;;701000;;;EXP_X_C;;;;;;;;;;;;;;;;;;;;;;
;BASE;1;6015-6;;;;701000;;;EXP_X_C;;;;;;;;;;;;;;;;;;;;;;
;BASE;1;6015-7;;;;701000;;;EXP_X_C;;;;;;;;;;;;;;;;;;;;;;
;BASE;1;6015-8;;;;701000;;;EXP_X_C;;;;;;;;;;;;;;;;;;;;;;
;BASE;1;6015-9;;;;701000;;;EXP_X_C;;;;;;;;;;;;;;;;;;;;;;
;BASE;1;6015-10;;;;701000;;;EXP_X_C;;;;;;;;;;;;;;;;;;;;;;
;BASE;1;FP6015-1;;;;701000;;;EXP_X_C;;;;;;;;;;;;;;;;;;;;;;
;BASE;1;FP6015-2;;;;701000;;;EXP_X_C;;;;;;;;;;;;;;;;;;;;;;
;BASE;1;FP6015-3;;;;701000;;;EXP_X_C;;;;;;;;;;;;;;;;;;;;;;
;BASE;1;FP6015-4;;;;701000;;;EXP_X_C;;;;;;;;;;;;;;;;;;;;;;
;BASE;1;FP6015-5;;;;701000;;;EXP_X_C;;;;;;;;;;;;;;;;;;;;;;
;BASE;1;FP6015-6;;;;701000;;;EXP_X_C;;;;;;;;;;;;;;;;;;;;;;
;BASE;1;FP6015-7;;;;701000;;;EXP_X_C;;;;;;;;;;;;;;;;;;;;;;
;BASE;1;FP6015-8;;;;701000;;;EXP_X_C;;;;;;;;;;;;;;;;;;;;;;
;BASE;1;FP6015-9;;;;701000;;;EXP_X_C;;;;;;;;;;;;;;;;;;;;;;
;BASE;1;FP6015-10;;;;701000;;;EXP_X_C;;;;;;;;;;;;;;;;;;;;;;
;BASE;1;6147-1;;;;701000;;;EXP_X_C;;;;;;;;;;;;;;;;;;;;;;
;BASE;1;6147-2;;;;701000;;;EXP_X_C;;;;;;;;;;;;;;;;;;;;;;
;BASE;1;6147-3;;;;701000;;;EXP_X_C;;;;;;;;;;;;;;;;;;;;;;
;BASE;1;6147-4;;;;701000;;;EXP_X_C;;;;;;;;;;;;;;;;;;;;;;
;BASE;1;6147-5;;;;701000;;;EXP_X_C;;;;;;;;;;;;;;;;;;;;;;
;BASE;1;6147-6;;;;701000;;;EXP_X_C;;;;;;;;;;;;;;;;;;;;;;
;BASE;1;6147-7;;;;701000;;;EXP_X_C;;;;;;;;;;;;;;;;;;;;;;
;BASE;1;6147-8;;;;701000;;;EXP_X_C;;;;;;;;;;;;;;;;;;;;;;
;BASE;1;6147-9;;;;701000;;;EXP_X_C;;;;;;;;;;;;;;;;;;;;;;
;BASE;1;6147-10;;;;701000;;;EXP_X_C;;;;;;;;;;;;;;;;;;;;;;
;BASE;1;1309-1;;;;701000;;;EXP_X_C;;;;;;;;;;;;;;;;;;;;;;
;BASE;1;1309-2;;;;701000;;;EXP_X_C;;;;;;;;;;;;;;;;;;;;;;
;BASE;1;1309-3;;;;701000;;;EXP_X_C;;;;;;;;;;;;;;;;;;;;;;
;BASE;1;1309-4;;;;701000;;;EXP_X_C;;;;;;;;;;;;;;;;;;;;;;
;BASE;1;1309-5;;;;701000;;;EXP_X_C;;;;;;;;;;;;;;;;;;;;;;
;BASE;1;1309-6;;;;701000;;;EXP_X_C;;;;;;;;;;;;;;;;;;;;;;
;BASE;1;1309-7;;;;701000;;;EXP_X_C;;;;;;;;;;;;;;;;;;;;;;
;BASE;1;1309-8;;;;701000;;;EXP_X_C;;;;;;;;;;;;;;;;;;;;;;
;BASE;1;1309-9;;;;701000;;;EXP_X_C;;;;;;;;;;;;;;;;;;;;;;
;BASE;1;1309-10;;;;701000;;;EXP_X_C;;;;;;;;;;;;;;;;;;;;;;
;BASE;1;1309-11;;;;701000;;;EXP_X_C;;;;;;;;;;;;;;;;;;;;;;
;BASE;1;1309-12;;;;701000;;;EXP_X_C;;;;;;;;;;;;;;;;;;;;;;
;BASE;1;1309-13;;;;701000;;;EXP_X_C;;;;;;;;;;;;;;;;;;;;;;
;BASE;1;1309-14;;;;701000;;;EXP_X_C;;;;;;;;;;;;;;;;;;;;;;
;BASE;1;1309-15;;;;701000;;;EXP_X_C;;;;;;;;;;;;;;;;;;;;;;
;BASE;1;1309-16;;;;701000;;;EXP_X_C;;;;;;;;;;;;;;;;;;;;;;
;BASE;1;1309-17;;;;701000;;;EXP_X_C;;;;;;;;;;;;;;;;;;;;;;
;BASE;1;1309-18;;;;701000;;;EXP_X_C;;;;;;;;;;;;;;;;;;;;;;
;BASE;1;1309-19;;;;701000;;;EXP_X_C;;;;;;;;;;;;;;;;;;;;;;
;BASE;1;1309-20;;;;701000;;;EXP_X_C;;;;;;;;;;;;;;;;;;;;;;
;BASE;1;1310-1;;;;701000;;;EXP_X_C;;;;;;;;;;;;;;;;;;;;;;
;BASE;1;1310-2;;;;701000;;;EXP_X_C;;;;;;;;;;;;;;;;;;;;;;
;BASE;1;1310-3;;;;701000;;;EXP_X_C;;;;;;;;;;;;;;;;;;;;;;
;BASE;1;1310-4;;;;701000;;;EXP_X_C;;;;;;;;;;;;;;;;;;;;;;
;BASE;1;1310-5;;;;701000;;;EXP_X_C;;;;;;;;;;;;;;;;;;;;;;
;BASE;1;1310-6;;;;701000;;;EXP_X_C;;;;;;;;;;;;;;;;;;;;;;
;BASE;1;1310-7;;;;701000;;;EXP_X_C;;;;;;;;;;;;;;;;;;;;;;
;BASE;1;1310-8;;;;701000;;;EXP_X_C;;;;;;;;;;;;;;;;;;;;;;
;BASE;1;1310-9;;;;701000;;;EXP_X_C;;;;;;;;;;;;;;;;;;;;;;
;BASE;1;1310-10;;;;701000;;;EXP_X_C;;;;;;;;;;;;;;;;;;;;;;
;BASE;1;9551-1;;;;701000;;;EXP_X_C;;;;;;;;;;;;;;;;;;;;;;
;BASE;1;9551-2;;;;701000;;;EXP_X_C;;;;;;;;;;;;;;;;;;;;;;
;BASE;1;9551-3;;;;701000;;;EXP_X_C;;;;;;;;;;;;;;;;;;;;;;
;BASE;1;9551-4;;;;701000;;;EXP_X_C;;;;;;;;;;;;;;;;;;;;;;
;BASE;1;9551-5;;;;701000;;;EXP_X_C;;;;;;;;;;;;;;;;;;;;;;
;BASE;1;9551-6;;;;701000;;;EXP_X_C;;;;;;;;;;;;;;;;;;;;;;
;BASE;1;9551-7;;;;701000;;;EXP_X_C;;;;;;;;;;;;;;;;;;;;;;
;BASE;1;9551-8;;;;701000;;;EXP_X_C;;;;;;;;;;;;;;;;;;;;;;
;BASE;1;9551-9;;;;701000;;;EXP_X_C;;;;;;;;;;;;;;;;;;;;;;
;BASE;1;9551-10;;;;701000;;;EXP_X_C;;;;;;;;;;;;;;;;;;;;;;
;BASE;1;9561-1;;;;701000;;;EXP_X_C;;;;;;;;;;;;;;;;;;;;;;
;BASE;1;9561-2;;;;701000;;;EXP_X_C;;;;;;;;;;;;;;;;;;;;;;
;BASE;1;9561-3;;;;701000;;;EXP_X_C;;;;;;;;;;;;;;;;;;;;;;
;BASE;1;9561-4;;;;701000;;;EXP_X_C;;;;;;;;;;;;;;;;;;;;;;
;BASE;1;9561-5;;;;701000;;;EXP_X_C;;;;;;;;;;;;;;;;;;;;;;
;BASE;1;9561-6;;;;701000;;;EXP_X_C;;;;;;;;;;;;;;;;;;;;;;
;BASE;1;9561-7;;;;701000;;;EXP_X_C;;;;;;;;;;;;;;;;;;;;;;
;BASE;1;9561-8;;;;701000;;;EXP_X_C;;;;;;;;;;;;;;;;;;;;;;
;BASE;1;9561-9;;;;701000;;;EXP_X_C;;;;;;;;;;;;;;;;;;;;;;
;BASE;1;9561-10;;;;701000;;;EXP_X_C;;;;;;;;;;;;;;;;;;;;;;
;BASE;1;1532-1;;;;701000;;;EXP_X_C;;;;;;;;;;;;;;;;;;;;;;
;BASE;1;1532-2;;;;701000;;;EXP_X_C;;;;;;;;;;;;;;;;;;;;;;
;BASE;1;1532-3;;;;701000;;;EXP_X_C;;;;;;;;;;;;;;;;;;;;;;
;BASE;1;1532-4;;;;701000;;;EXP_X_C;;;;;;;;;;;;;;;;;;;;;;
;BASE;1;1532-5;;;;701000;;;EXP_X_C;;;;;;;;;;;;;;;;;;;;;;
;BASE;1;1532-6;;;;701000;;;EXP_X_C;;;;;;;;;;;;;;;;;;;;;;
;BASE;1;1532-7;;;;701000;;;EXP_X_C;;;;;;;;;;;;;;;;;;;;;;
;BASE;1;1532-8;;;;701000;;;EXP_X_C;;;;;;;;;;;;;;;;;;;;;;
;BASE;1;1532-9;;;;701000;;;EXP_X_C;;;;;;;;;;;;;;;;;;;;;;
;BASE;1;1532-10;;;;701000;;;EXP_X_C;;;;;;;;;;;;;;;;;;;;;;
;BASE;1;1532-11;;;;701000;;;EXP_X_C;;;;;;;;;;;;;;;;;;;;;;
;BASE;1;1532-12;;;;701000;;;EXP_X_C;;;;;;;;;;;;;;;;;;;;;;
;BASE;1;1532-13;;;;701000;;;EXP_X_C;;;;;;;;;;;;;;;;;;;;;;
;BASE;1;1532-14;;;;701000;;;EXP_X_C;;;;;;;;;;;;;;;;;;;;;;
;BASE;1;1532-15;;;;701000;;;EXP_X_C;;;;;;;;;;;;;;;;;;;;;;
;BASE;1;1532-16;;;;701000;;;EXP_X_C;;;;;;;;;;;;;;;;;;;;;;
;BASE;1;1532-17;;;;701000;;;EXP_X_C;;;;;;;;;;;;;;;;;;;;;;
;BASE;1;1532-18;;;;701000;;;EXP_X_C;;;;;;;;;;;;;;;;;;;;;;
;BASE;1;1532-19;;;;701000;;;EXP_X_C;;;;;;;;;;;;;;;;;;;;;;
;BASE;1;1532-20;;;;701000;;;EXP_X_C;;;;;;;;;;;;;;;;;;;;;;
;BASE;1;1063-1;;;;701000;;;EXP_X_C;;;;;;;;;;;;;;;;;;;;;;
;BASE;1;1063-2;;;;701000;;;EXP_X_C;;;;;;;;;;;;;;;;;;;;;;
;BASE;1;1063-3;;;;701000;;;EXP_X_C;;;;;;;;;;;;;;;;;;;;;;
;BASE;1;1063-4;;;;701000;;;EXP_X_C;;;;;;;;;;;;;;;;;;;;;;
;BASE;1;1063-5;;;;701000;;;EXP_X_C;;;;;;;;;;;;;;;;;;;;;;
;BASE;1;1063-6;;;;701000;;;EXP_X_C;;;;;;;;;;;;;;;;;;;;;;
;BASE;1;1063-7;;;;701000;;;EXP_X_C;;;;;;;;;;;;;;;;;;;;;;
;BASE;1;1063-8;;;;701000;;;EXP_X_C;;;;;;;;;;;;;;;;;;;;;;
;BASE;1;1063-9;;;;701000;;;EXP_X_C;;;;;;;;;;;;;;;;;;;;;;
;BASE;1;1063-10;;;;701000;;;EXP_X_C;;;;;;;;;;;;;;;;;;;;;;
;BASE;1;1063-11;;;;701000;;;EXP_X_C;;;;;;;;;;;;;;;;;;;;;;
;BASE;1;1063-12;;;;701000;;;EXP_X_C;;;;;;;;;;;;;;;;;;;;;;
;BASE;1;1063-13;;;;701000;;;EXP_X_C;;;;;;;;;;;;;;;;;;;;;;
;BASE;1;1063-14;;;;701000;;;EXP_X_C;;;;;;;;;;;;;;;;;;;;;;
;BASE;1;1063-15;;;;701000;;;EXP_X_C;;;;;;;;;;;;;;;;;;;;;;
;BASE;1;1063-16;;;;701000;;;EXP_X_C;;;;;;;;;;;;;;;;;;;;;;
;BASE;1;1063-17;;;;701000;;;EXP_X_C;;;;;;;;;;;;;;;;;;;;;;
;BASE;1;1063-18;;;;701000;;;EXP_X_C;;;;;;;;;;;;;;;;;;;;;;
;BASE;1;1063-19;;;;701000;;;EXP_X_C;;;;;;;;;;;;;;;;;;;;;;
;BASE;1;9175-1;;;;701000;;;EXP_X_C;;;;;;;;;;;;;;;;;;;;;;
;BASE;1;9175-2;;;;701000;;;EXP_X_C;;;;;;;;;;;;;;;;;;;;;;
;BASE;1;9175-3;;;;701000;;;EXP_X_C;;;;;;;;;;;;;;;;;;;;;;
;BASE;1;9175-4;;;;701000;;;EXP_X_C;;;;;;;;;;;;;;;;;;;;;;
;BASE;1;9175-5;;;;701000;;;EXP_X_C;;;;;;;;;;;;;;;;;;;;;;
;BASE;1;9175-6;;;;701000;;;EXP_X_C;;;;;;;;;;;;;;;;;;;;;;
;BASE;1;9175-7;;;;701000;;;EXP_X_C;;;;;;;;;;;;;;;;;;;;;;
;BASE;1;9175-8;;;;701000;;;EXP_X_C;;;;;;;;;;;;;;;;;;;;;;
;BASE;1;9175-9;;;;701000;;;EXP_X_C;;;;;;;;;;;;;;;;;;;;;;
;BASE;1;9175-10;;;;701000;;;EXP_X_C;;;;;;;;;;;;;;;;;;;;;;
;BASE;1;SF1513-1;;;;701000;;;EXP_X_C;;;;;;;;;;;;;;;;;;;;;;
;BASE;1;SF1513-2;;;;701000;;;EXP_X_C;;;;;;;;;;;;;;;;;;;;;;
;BASE;1;SF1513-3;;;;701000;;;EXP_X_C;;;;;;;;;;;;;;;;;;;;;;
;BASE;1;SF1513-4;;;;701000;;;EXP_X_C;;;;;;;;;;;;;;;;;;;;;;
;BASE;1;SF1513-5;;;;701000;;;EXP_X_C;;;;;;;;;;;;;;;;;;;;;;
;BASE;1;SF1513-6;;;;701000;;;EXP_X_C;;;;;;;;;;;;;;;;;;;;;;
;BASE;1;SF1513-7;;;;701000;;;EXP_X_C;;;;;;;;;;;;;;;;;;;;;;
;BASE;1;SF1513-8;;;;701000;;;EXP_X_C;;;;;;;;;;;;;;;;;;;;;;
;BASE;1;SF1513-9;;;;701000;;;EXP_X_C;;;;;;;;;;;;;;;;;;;;;;
;BASE;1;SF1513-10;;;;701000;;;EXP_X_C;;;;;;;;;;;;;;;;;;;;;;
;BASE;1;1513-1;;;;701000;;;EXP_X_C;;;;;;;;;;;;;;;;;;;;;;
;BASE;1;1513-2;;;;701000;;;EXP_X_C;;;;;;;;;;;;;;;;;;;;;;
;BASE;1;1513-3;;;;701000;;;EXP_X_C;;;;;;;;;;;;;;;;;;;;;;
;BASE;1;1513-4;;;;701000;;;EXP_X_C;;;;;;;;;;;;;;;;;;;;;;
;BASE;1;1513-5;;;;701000;;;EXP_X_C;;;;;;;;;;;;;;;;;;;;;;
;BASE;1;1513-6;;;;701000;;;EXP_X_C;;;;;;;;;;;;;;;;;;;;;;
;BASE;1;1513-7;;;;701000;;;EXP_X_C;;;;;;;;;;;;;;;;;;;;;;
;BASE;1;1513-8;;;;701000;;;EXP_X_C;;;;;;;;;;;;;;;;;;;;;;
;BASE;1;1513-9;;;;701000;;;EXP_X_C;;;;;;;;;;;;;;;;;;;;;;
;BASE;1;1513-10;;;;701000;;;EXP_X_C;;;;;;;;;;;;;;;;;;;;;;
;BASE;1;1513-11;;;;701000;;;EXP_X_C;;;;;;;;;;;;;;;;;;;;;;
;BASE;1;1513-12;;;;701000;;;EXP_X_C;;;;;;;;;;;;;;;;;;;;;;
;BASE;1;1513-13;;;;701000;;;EXP_X_C;;;;;;;;;;;;;;;;;;;;;;
;BASE;1;1513-14;;;;701000;;;EXP_X_C;;;;;;;;;;;;;;;;;;;;;;
;BASE;1;1513-15;;;;701000;;;EXP_X_C;;;;;;;;;;;;;;;;;;;;;;
;BASE;1;1513-16;;;;701000;;;EXP_X_C;;;;;;;;;;;;;;;;;;;;;;
;BASE;1;1513-17;;;;701000;;;EXP_X_C;;;;;;;;;;;;;;;;;;;;;;
;BASE;1;1513-18;;;;701000;;;EXP_X_C;;;;;;;;;;;;;;;;;;;;;;
;BASE;1;1513-19;;;;701000;;;EXP_X_C;;;;;;;;;;;;;;;;;;;;;;
;BASE;1;1513-20;;;;701000;;;EXP_X_C;;;;;;;;;;;;;;;;;;;;;;
;BASE;1;1374-1;;;;701000;;;EXP_X_C;;;;;;;;;;;;;;;;;;;;;;
;BASE;1;1374-2;;;;701000;;;EXP_X_C;;;;;;;;;;;;;;;;;;;;;;
;BASE;1;1374-3;;;;701000;;;EXP_X_C;;;;;;;;;;;;;;;;;;;;;;
;BASE;1;1374-4;;;;701000;;;EXP_X_C;;;;;;;;;;;;;;;;;;;;;;
;BASE;1;1374-5;;;;701000;;;EXP_X_C;;;;;;;;;;;;;;;;;;;;;;
;BASE;1;1374-6;;;;701000;;;EXP_X_C;;;;;;;;;;;;;;;;;;;;;;
;BASE;1;1374-7;;;;701000;;;EXP_X_C;;;;;;;;;;;;;;;;;;;;;;
;BASE;1;1374-8;;;;701000;;;EXP_X_C;;;;;;;;;;;;;;;;;;;;;;
;BASE;1;1374-9;;;;701000;;;EXP_X_C;;;;;;;;;;;;;;;;;;;;;;
;BASE;1;1374-10;;;;701000;;;EXP_X_C;;;;;;;;;;;;;;;;;;;;;;
;BASE;1;1374-11;;;;701000;;;EXP_X_C;;;;;;;;;;;;;;;;;;;;;;
;BASE;1;1374-12;;;;701000;;;EXP_X_C;;;;;;;;;;;;;;;;;;;;;;
;BASE;1;1374-13;;;;701000;;;EXP_X_C;;;;;;;;;;;;;;;;;;;;;;
;BASE;1;1374-14;;;;701000;;;EXP_X_C;;;;;;;;;;;;;;;;;;;;;;
;BASE;1;1374-15;;;;701000;;;EXP_X_C;;;;;;;;;;;;;;;;;;;;;;
;BASE;1;1374-16;;;;701000;;;EXP_X_C;;;;;;;;;;;;;;;;;;;;;;
;BASE;1;1374-17;;;;701000;;;EXP_X_C;;;;;;;;;;;;;;;;;;;;;;
;BASE;1;1374-18;;;;701000;;;EXP_X_C;;;;;;;;;;;;;;;;;;;;;;
;BASE;1;1374-19;;;;701000;;;EXP_X_C;;;;;;;;;;;;;;;;;;;;;;
;BASE;1;1374-20;;;;701000;;;EXP_X_C;;;;;;;;;;;;;;;;;;;;;;
;BASE;1;2009-1;;;;701000;;;EXP_X_C;;;;;;;;;;;;;;;;;;;;;;
;BASE;1;2009-2;;;;701000;;;EXP_X_C;;;;;;;;;;;;;;;;;;;;;;
;BASE;1;2009-3;;;;701000;;;EXP_X_C;;;;;;;;;;;;;;;;;;;;;;
;BASE;1;2009-4;;;;701000;;;EXP_X_C;;;;;;;;;;;;;;;;;;;;;;
;BASE;1;2009-5;;;;701000;;;EXP_X_C;;;;;;;;;;;;;;;;;;;;;;
;BASE;1;2009-6;;;;701000;;;EXP_X_C;;;;;;;;;;;;;;;;;;;;;;
;BASE;1;2009-7;;;;701000;;;EXP_X_C;;;;;;;;;;;;;;;;;;;;;;
;BASE;1;2009-8;;;;701000;;;EXP_X_C;;;;;;;;;;;;;;;;;;;;;;
;BASE;1;2009-9;;;;701000;;;EXP_X_C;;;;;;;;;;;;;;;;;;;;;;
;BASE;1;2009-10;;;;701000;;;EXP_X_C;;;;;;;;;;;;;;;;;;;;;;
;BASE;1;2009-11;;;;701000;;;EXP_X_C;;;;;;;;;;;;;;;;;;;;;;
;BASE;1;2009-12;;;;701000;;;EXP_X_C;;;;;;;;;;;;;;;;;;;;;;
;BASE;1;2009-13;;;;701000;;;EXP_X_C;;;;;;;;;;;;;;;;;;;;;;
;BASE;1;2009-14;;;;701000;;;EXP_X_C;;;;;;;;;;;;;;;;;;;;;;
;BASE;1;2009-15;;;;701000;;;EXP_X_C;;;;;;;;;;;;;;;;;;;;;;
;BASE;1;2009-16;;;;701000;;;EXP_X_C;;;;;;;;;;;;;;;;;;;;;;
;BASE;1;2009-17;;;;701000;;;EXP_X_C;;;;;;;;;;;;;;;;;;;;;;
;BASE;1;2009-18;;;;701000;;;EXP_X_C;;;;;;;;;;;;;;;;;;;;;;
;BASE;1;2009-19;;;;701000;;;EXP_X_C;;;;;;;;;;;;;;;;;;;;;;
;BASE;1;2009-20;;;;701000;;;EXP_X_C;;;;;;;;;;;;;;;;;;;;;;
;BASE;1;1008-1;;;;701000;;;EXP_X_C;;;;;;;;;;;;;;;;;;;;;;
;BASE;1;1008-2;;;;701000;;;EXP_X_C;;;;;;;;;;;;;;;;;;;;;;
;BASE;1;1008-3;;;;701000;;;EXP_X_C;;;;;;;;;;;;;;;;;;;;;;
;BASE;1;1008-4;;;;701000;;;EXP_X_C;;;;;;;;;;;;;;;;;;;;;;
;BASE;1;1008-5;;;;701000;;;EXP_X_C;;;;;;;;;;;;;;;;;;;;;;
;BASE;1;1008-6;;;;701000;;;EXP_X_C;;;;;;;;;;;;;;;;;;;;;;
;BASE;1;1008-7;;;;701000;;;EXP_X_C;;;;;;;;;;;;;;;;;;;;;;
;BASE;1;1008-8;;;;701000;;;EXP_X_C;;;;;;;;;;;;;;;;;;;;;;
;BASE;1;1008-9;;;;701000;;;EXP_X_C;;;;;;;;;;;;;;;;;;;;;;
;BASE;1;1008-10;;;;701000;;;EXP_X_C;;;;;;;;;;;;;;;;;;;;;;
;BASE;1;1008-11;;;;701000;;;EXP_X_C;;;;;;;;;;;;;;;;;;;;;;
;BASE;1;1008-12;;;;701000;;;EXP_X_C;;;;;;;;;;;;;;;;;;;;;;
;BASE;1;1008-13;;;;701000;;;EXP_X_C;;;;;;;;;;;;;;;;;;;;;;
;BASE;1;1008-14;;;;701000;;;EXP_X_C;;;;;;;;;;;;;;;;;;;;;;
;BASE;1;1008-15;;;;701000;;;EXP_X_C;;;;;;;;;;;;;;;;;;;;;;
;BASE;1;1008-16;;;;701000;;;EXP_X_C;;;;;;;;;;;;;;;;;;;;;;
;BASE;1;1008-17;;;;701000;;;EXP_X_C;;;;;;;;;;;;;;;;;;;;;;
;BASE;1;1008-18;;;;701000;;;EXP_X_C;;;;;;;;;;;;;;;;;;;;;;
;BASE;1;1008-19;;;;701000;;;EXP_X_C;;;;;;;;;;;;;;;;;;;;;;
;BASE;1;1008-20;;;;701000;;;EXP_X_C;;;;;;;;;;;;;;;;;;;;;;
;BASE;1;1005-1;;;;701000;;;EXP_X_C;;;;;;;;;;;;;;;;;;;;;;
;BASE;1;1005-2;;;;701000;;;EXP_X_C;;;;;;;;;;;;;;;;;;;;;;
;BASE;1;1005-3;;;;701000;;;EXP_X_C;;;;;;;;;;;;;;;;;;;;;;
;BASE;1;1005-4;;;;701000;;;EXP_X_C;;;;;;;;;;;;;;;;;;;;;;
;BASE;1;1005-5;;;;701000;;;EXP_X_C;;;;;;;;;;;;;;;;;;;;;;
;BASE;1;1005-6;;;;701000;;;EXP_X_C;;;;;;;;;;;;;;;;;;;;;;
;BASE;1;1005-7;;;;701000;;;EXP_X_C;;;;;;;;;;;;;;;;;;;;;;
;BASE;1;1005-8;;;;701000;;;EXP_X_C;;;;;;;;;;;;;;;;;;;;;;
;BASE;1;1005-9;;;;701000;;;EXP_X_C;;;;;;;;;;;;;;;;;;;;;;
;BASE;1;1005-10;;;;701000;;;EXP_X_C;;;;;;;;;;;;;;;;;;;;;;
;BASE;1;1005-11;;;;701000;;;EXP_X_C;;;;;;;;;;;;;;;;;;;;;;
;BASE;1;1005-12;;;;701000;;;EXP_X_C;;;;;;;;;;;;;;;;;;;;;;
;BASE;1;1005-13;;;;701000;;;EXP_X_C;;;;;;;;;;;;;;;;;;;;;;
;BASE;1;1005-14;;;;701000;;;EXP_X_C;;;;;;;;;;;;;;;;;;;;;;
;BASE;1;1005-15;;;;701000;;;EXP_X_C;;;;;;;;;;;;;;;;;;;;;;
;BASE;1;1005-16;;;;701000;;;EXP_X_C;;;;;;;;;;;;;;;;;;;;;;
;BASE;1;1005-17;;;;701000;;;EXP_X_C;;;;;;;;;;;;;;;;;;;;;;
;BASE;1;1005-18;;;;701000;;;EXP_X_C;;;;;;;;;;;;;;;;;;;;;;
;BASE;1;1005-19;;;;701000;;;EXP_X_C;;;;;;;;;;;;;;;;;;;;;;
;BASE;1;1005-20;;;;701000;;;EXP_X_C;;;;;;;;;;;;;;;;;;;;;;
;BASE;1;310-1;;;;701000;;;EXP_X_C;;;;;;;;;;;;;;;;;;;;;;
;BASE;1;310-2;;;;701000;;;EXP_X_C;;;;;;;;;;;;;;;;;;;;;;
;BASE;1;310-3;;;;701000;;;EXP_X_C;;;;;;;;;;;;;;;;;;;;;;
;BASE;1;310-4;;;;701000;;;EXP_X_C;;;;;;;;;;;;;;;;;;;;;;
;BASE;1;310-5;;;;701000;;;EXP_X_C;;;;;;;;;;;;;;;;;;;;;;
;BASE;1;310-6;;;;701000;;;EXP_X_C;;;;;;;;;;;;;;;;;;;;;;
;BASE;1;310-7;;;;701000;;;EXP_X_C;;;;;;;;;;;;;;;;;;;;;;
;BASE;1;310-8;;;;701000;;;EXP_X_C;;;;;;;;;;;;;;;;;;;;;;
;BASE;1;310-9;;;;701000;;;EXP_X_C;;;;;;;;;;;;;;;;;;;;;;
;BASE;1;310-10;;;;701000;;;EXP_X_C;;;;;;;;;;;;;;;;;;;;;;
;BASE;1;1003-1;;;;701000;;;EXP_X_C;;;;;;;;;;;;;;;;;;;;;;
;BASE;1;1003-2;;;;701000;;;EXP_X_C;;;;;;;;;;;;;;;;;;;;;;
;BASE;1;1003-3;;;;701000;;;EXP_X_C;;;;;;;;;;;;;;;;;;;;;;
;BASE;1;1003-4;;;;701000;;;EXP_X_C;;;;;;;;;;;;;;;;;;;;;;
;BASE;1;1003-5;;;;701000;;;EXP_X_C;;;;;;;;;;;;;;;;;;;;;;
;BASE;1;1003-6;;;;701000;;;EXP_X_C;;;;;;;;;;;;;;;;;;;;;;
;BASE;1;1003-7;;;;701000;;;EXP_X_C;;;;;;;;;;;;;;;;;;;;;;
;BASE;1;1003-8;;;;701000;;;EXP_X_C;;;;;;;;;;;;;;;;;;;;;;
;BASE;1;1003-9;;;;701000;;;EXP_X_C;;;;;;;;;;;;;;;;;;;;;;
;BASE;1;1003-10;;;;701000;;;EXP_X_C;;;;;;;;;;;;;;;;;;;;;;
;BASE;1;1003-11;;;;701000;;;EXP_X_C;;;;;;;;;;;;;;;;;;;;;;
;BASE;1;1003-12;;;;701000;;;EXP_X_C;;;;;;;;;;;;;;;;;;;;;;
;BASE;1;1003-13;;;;701000;;;EXP_X_C;;;;;;;;;;;;;;;;;;;;;;
;BASE;1;1003-14;;;;701000;;;EXP_X_C;;;;;;;;;;;;;;;;;;;;;;
;BASE;1;1003-15;;;;701000;;;EXP_X_C;;;;;;;;;;;;;;;;;;;;;;
;BASE;1;1003-16;;;;701000;;;EXP_X_C;;;;;;;;;;;;;;;;;;;;;;
;BASE;1;1003-17;;;;701000;;;EXP_X_C;;;;;;;;;;;;;;;;;;;;;;
;BASE;1;1003-18;;;;701000;;;EXP_X_C;;;;;;;;;;;;;;;;;;;;;;
;BASE;1;1003-19;;;;701000;;;EXP_X_C;;;;;;;;;;;;;;;;;;;;;;
;BASE;1;1003-20;;;;701000;;;EXP_X_C;;;;;;;;;;;;;;;;;;;;;;
;BASE;1;1028-1;;;;701000;;;EXP_X_C;;;;;;;;;;;;;;;;;;;;;;
;BASE;1;1028-2;;;;701000;;;EXP_X_C;;;;;;;;;;;;;;;;;;;;;;
;BASE;1;1028-3;;;;701000;;;EXP_X_C;;;;;;;;;;;;;;;;;;;;;;
;BASE;1;1028-4;;;;701000;;;EXP_X_C;;;;;;;;;;;;;;;;;;;;;;
;BASE;1;1028-5;;;;701000;;;EXP_X_C;;;;;;;;;;;;;;;;;;;;;;
;BASE;1;1028-6;;;;701000;;;EXP_X_C;;;;;;;;;;;;;;;;;;;;;;
;BASE;1;1028-7;;;;701000;;;EXP_X_C;;;;;;;;;;;;;;;;;;;;;;
;BASE;1;1028-8;;;;701000;;;EXP_X_C;;;;;;;;;;;;;;;;;;;;;;
;BASE;1;1028-9;;;;701000;;;EXP_X_C;;;;;;;;;;;;;;;;;;;;;;
;BASE;1;1028-10;;;;701000;;;EXP_X_C;;;;;;;;;;;;;;;;;;;;;;
;BASE;1;1024AE-1;;;;701000;;;EXP_X_C;;;;;;;;;;;;;;;;;;;;;;
;BASE;1;1024AE-2;;;;701000;;;EXP_X_C;;;;;;;;;;;;;;;;;;;;;;
;BASE;1;1024AE-3;;;;701000;;;EXP_X_C;;;;;;;;;;;;;;;;;;;;;;
;BASE;1;1024AE-4;;;;701000;;;EXP_X_C;;;;;;;;;;;;;;;;;;;;;;
;BASE;1;1024AE-5;;;;701000;;;EXP_X_C;;;;;;;;;;;;;;;;;;;;;;
;BASE;1;1024AE-6;;;;701000;;;EXP_X_C;;;;;;;;;;;;;;;;;;;;;;
;BASE;1;1024AE-7;;;;701000;;;EXP_X_C;;;;;;;;;;;;;;;;;;;;;;
;BASE;1;1024AE-8;;;;701000;;;EXP_X_C;;;;;;;;;;;;;;;;;;;;;;
;BASE;1;1024AE-9;;;;701000;;;EXP_X_C;;;;;;;;;;;;;;;;;;;;;;
;BASE;1;1024AE-10;;;;701000;;;EXP_X_C;;;;;;;;;;;;;;;;;;;;;;
;BASE;1;BR1621-1;;;;701000;;;EXP_X_C;;;;;;;;;;;;;;;;;;;;;;
;BASE;1;BR1621-2;;;;701000;;;EXP_X_C;;;;;;;;;;;;;;;;;;;;;;
;BASE;1;BR1621-3;;;;701000;;;EXP_X_C;;;;;;;;;;;;;;;;;;;;;;
;BASE;1;BR1621-4;;;;701000;;;EXP_X_C;;;;;;;;;;;;;;;;;;;;;;
;BASE;1;BR1621-5;;;;701000;;;EXP_X_C;;;;;;;;;;;;;;;;;;;;;;
;BASE;1;BR1621-6;;;;701000;;;EXP_X_C;;;;;;;;;;;;;;;;;;;;;;
;BASE;1;BR1621-7;;;;701000;;;EXP_X_C;;;;;;;;;;;;;;;;;;;;;;
;BASE;1;BR1621-8;;;;701000;;;EXP_X_C;;;;;;;;;;;;;;;;;;;;;;
;BASE;1;BR1621-9;;;;701000;;;EXP_X_C;;;;;;;;;;;;;;;;;;;;;;
;BASE;1;BR1621-10;;;;701000;;;EXP_X_C;;;;;;;;;;;;;;;;;;;;;;
;BASE;1;BR1621-11;;;;701000;;;EXP_X_C;;;;;;;;;;;;;;;;;;;;;;
;BASE;1;BR1621-12;;;;701000;;;EXP_X_C;;;;;;;;;;;;;;;;;;;;;;
;BASE;1;BR1621-13;;;;701000;;;EXP_X_C;;;;;;;;;;;;;;;;;;;;;;
;BASE;1;BR1621-14;;;;701000;;;EXP_X_C;;;;;;;;;;;;;;;;;;;;;;
;BASE;1;BR1621-15;;;;701000;;;EXP_X_C;;;;;;;;;;;;;;;;;;;;;;
;BASE;1;BR1621-16;;;;701000;;;EXP_X_C;;;;;;;;;;;;;;;;;;;;;;
;BASE;1;BR1621-17;;;;701000;;;EXP_X_C;;;;;;;;;;;;;;;;;;;;;;
;BASE;1;BR1621-18;;;;701000;;;EXP_X_C;;;;;;;;;;;;;;;;;;;;;;
;BASE;1;BR1621-19;;;;701000;;;EXP_X_C;;;;;;;;;;;;;;;;;;;;;;
;BASE;1;BR1621-20;;;;701000;;;EXP_X_C;;;;;;;;;;;;;;;;;;;;;;
;BASE;1;FP5056-1;;;;701000;;;EXP_X_C;;;;;;;;;;;;;;;;;;;;;;
;BASE;1;FP5056-2;;;;701000;;;EXP_X_C;;;;;;;;;;;;;;;;;;;;;;
;BASE;1;FP5056-3;;;;701000;;;EXP_X_C;;;;;;;;;;;;;;;;;;;;;;
;BASE;1;FP5056-4;;;;701000;;;EXP_X_C;;;;;;;;;;;;;;;;;;;;;;
;BASE;1;FP5056-5;;;;701000;;;EXP_X_C;;;;;;;;;;;;;;;;;;;;;;
;BASE;1;FP5056-6;;;;701000;;;EXP_X_C;;;;;;;;;;;;;;;;;;;;;;
;BASE;1;FP5056-7;;;;701000;;;EXP_X_C;;;;;;;;;;;;;;;;;;;;;;
;BASE;1;FP5056-8;;;;701000;;;EXP_X_C;;;;;;;;;;;;;;;;;;;;;;
;BASE;1;FP5056-9;;;;701000;;;EXP_X_C;;;;;;;;;;;;;;;;;;;;;;
;BASE;1;FP5056-10;;;;701000;;;EXP_X_C;;;;;;;;;;;;;;;;;;;;;;
;BASE;1;FP5056-11;;;;701000;;;EXP_X_C;;;;;;;;;;;;;;;;;;;;;;
;BASE;1;FP5056-12;;;;701000;;;EXP_X_C;;;;;;;;;;;;;;;;;;;;;;
;BASE;1;FP5056-13;;;;701000;;;EXP_X_C;;;;;;;;;;;;;;;;;;;;;;
;BASE;1;FP5056-14;;;;701000;;;EXP_X_C;;;;;;;;;;;;;;;;;;;;;;
;BASE;1;FP5056-15;;;;701000;;;EXP_X_C;;;;;;;;;;;;;;;;;;;;;;
;BASE;1;FP5056-16;;;;701000;;;EXP_X_C;;;;;;;;;;;;;;;;;;;;;;
;BASE;1;FP5056-17;;;;701000;;;EXP_X_C;;;;;;;;;;;;;;;;;;;;;;
;BASE;1;FP5056-18;;;;701000;;;EXP_X_C;;;;;;;;;;;;;;;;;;;;;;
;BASE;1;FP5056-19;;;;701000;;;EXP_X_C;;;;;;;;;;;;;;;;;;;;;;
;BASE;1;FP5056-20;;;;701000;;;EXP_X_C;;;;;;;;;;;;;;;;;;;;;;
;BASE;1;FP5056-21;;;;701000;;;EXP_X_C;;;;;;;;;;;;;;;;;;;;;;
;BASE;1;FP5056-22;;;;701000;;;EXP_X_C;;;;;;;;;;;;;;;;;;;;;;
;BASE;1;FP5056-23;;;;701000;;;EXP_X_C;;;;;;;;;;;;;;;;;;;;;;
;BASE;1;FP5056-24;;;;701000;;;EXP_X_C;;;;;;;;;;;;;;;;;;;;;;
;BASE;1;FP5056-25;;;;701000;;;EXP_X_C;;;;;;;;;;;;;;;;;;;;;;
;BASE;1;FP5056-26;;;;701000;;;EXP_X_C;;;;;;;;;;;;;;;;;;;;;;
;BASE;1;FP5056-27;;;;701000;;;EXP_X_C;;;;;;;;;;;;;;;;;;;;;;
;BASE;1;FP5056-28;;;;701000;;;EXP_X_C;;;;;;;;;;;;;;;;;;;;;;
;BASE;1;FP5056-29;;;;701000;;;EXP_X_C;;;;;;;;;;;;;;;;;;;;;;
;BASE;1;FP5056-30;;;;701000;;;EXP_X_C;;;;;;;;;;;;;;;;;;;;;;
;BASE;1;BR5070-1;;;;701000;;;EXP_X_C;;;;;;;;;;;;;;;;;;;;;;
;BASE;1;BR5070-2;;;;701000;;;EXP_X_C;;;;;;;;;;;;;;;;;;;;;;
;BASE;1;BR5070-3;;;;701000;;;EXP_X_C;;;;;;;;;;;;;;;;;;;;;;
;BASE;1;BR5070-4;;;;701000;;;EXP_X_C;;;;;;;;;;;;;;;;;;;;;;
;BASE;1;BR5070-5;;;;701000;;;EXP_X_C;;;;;;;;;;;;;;;;;;;;;;
;BASE;1;BR5070-6;;;;701000;;;EXP_X_C;;;;;;;;;;;;;;;;;;;;;;
;BASE;1;BR5070-7;;;;701000;;;EXP_X_C;;;;;;;;;;;;;;;;;;;;;;
;BASE;1;BR5070-8;;;;701000;;;EXP_X_C;;;;;;;;;;;;;;;;;;;;;;
;BASE;1;BR5070-9;;;;701000;;;EXP_X_C;;;;;;;;;;;;;;;;;;;;;;
;BASE;1;BR5070-10;;;;701000;;;EXP_X_C;;;;;;;;;;;;;;;;;;;;;;
;BASE;1;BR6055-1;;;;701000;;;EXP_X_C;;;;;;;;;;;;;;;;;;;;;;
;BASE;1;BR6055-2;;;;701000;;;EXP_X_C;;;;;;;;;;;;;;;;;;;;;;
;BASE;1;BR6055-3;;;;701000;;;EXP_X_C;;;;;;;;;;;;;;;;;;;;;;
;BASE;1;BR6055-4;;;;701000;;;EXP_X_C;;;;;;;;;;;;;;;;;;;;;;
;BASE;1;BR6055-5;;;;701000;;;EXP_X_C;;;;;;;;;;;;;;;;;;;;;;
;BASE;1;BR6055-6;;;;701000;;;EXP_X_C;;;;;;;;;;;;;;;;;;;;;;
;BASE;1;BR6055-7;;;;701000;;;EXP_X_C;;;;;;;;;;;;;;;;;;;;;;
;BASE;1;BR6055-8;;;;701000;;;EXP_X_C;;;;;;;;;;;;;;;;;;;;;;
;BASE;1;BR6055-9;;;;701000;;;EXP_X_C;;;;;;;;;;;;;;;;;;;;;;
;BASE;1;BR6055-10;;;;701000;;;EXP_X_C;;;;;;;;;;;;;;;;;;;;;;
;BASE;1;BR6055-11;;;;701000;;;EXP_X_C;;;;;;;;;;;;;;;;;;;;;;
;BASE;1;BR6055-12;;;;701000;;;EXP_X_C;;;;;;;;;;;;;;;;;;;;;;
;BASE;1;BR6055-13;;;;701000;;;EXP_X_C;;;;;;;;;;;;;;;;;;;;;;
;BASE;1;BR6055-14;;;;701000;;;EXP_X_C;;;;;;;;;;;;;;;;;;;;;;
;BASE;1;BR6055-15;;;;701000;;;EXP_X_C;;;;;;;;;;;;;;;;;;;;;;
;BASE;1;BR6055-16;;;;701000;;;EXP_X_C;;;;;;;;;;;;;;;;;;;;;;
;BASE;1;BR6055-17;;;;701000;;;EXP_X_C;;;;;;;;;;;;;;;;;;;;;;
;BASE;1;BR6055-18;;;;701000;;;EXP_X_C;;;;;;;;;;;;;;;;;;;;;;
;BASE;1;BR6055-19;;;;701000;;;EXP_X_C;;;;;;;;;;;;;;;;;;;;;;
;BASE;1;BR6055-20;;;;701000;;;EXP_X_C;;;;;;;;;;;;;;;;;;;;;;
;BASE;1;BR6056-1;;;;701000;;;EXP_X_C;;;;;;;;;;;;;;;;;;;;;;
;BASE;1;BR6056-2;;;;701000;;;EXP_X_C;;;;;;;;;;;;;;;;;;;;;;
;BASE;1;BR6056-3;;;;701000;;;EXP_X_C;;;;;;;;;;;;;;;;;;;;;;
;BASE;1;BR6056-4;;;;701000;;;EXP_X_C;;;;;;;;;;;;;;;;;;;;;;
;BASE;1;BR6056-5;;;;701000;;;EXP_X_C;;;;;;;;;;;;;;;;;;;;;;
;BASE;1;BR6056-6;;;;701000;;;EXP_X_C;;;;;;;;;;;;;;;;;;;;;;
;BASE;1;BR6056-7;;;;701000;;;EXP_X_C;;;;;;;;;;;;;;;;;;;;;;
;BASE;1;BR6056-8;;;;701000;;;EXP_X_C;;;;;;;;;;;;;;;;;;;;;;
;BASE;1;BR6056-9;;;;701000;;;EXP_X_C;;;;;;;;;;;;;;;;;;;;;;
;BASE;1;BR6056-10;;;;701000;;;EXP_X_C;;;;;;;;;;;;;;;;;;;;;;
;BASE;1;1024F-1;;;;701000;;;EXP_X_C;;;;;;;;;;;;;;;;;;;;;;
;BASE;1;1024F-2;;;;701000;;;EXP_X_C;;;;;;;;;;;;;;;;;;;;;;
;BASE;1;1024F-3;;;;701000;;;EXP_X_C;;;;;;;;;;;;;;;;;;;;;;
;BASE;1;1024F-4;;;;701000;;;EXP_X_C;;;;;;;;;;;;;;;;;;;;;;
;BASE;1;1024F-5;;;;701000;;;EXP_X_C;;;;;;;;;;;;;;;;;;;;;;
;BASE;1;1024F-6;;;;701000;;;EXP_X_C;;;;;;;;;;;;;;;;;;;;;;
;BASE;1;1024F-7;;;;701000;;;EXP_X_C;;;;;;;;;;;;;;;;;;;;;;
;BASE;1;1024F-8;;;;701000;;;EXP_X_C;;;;;;;;;;;;;;;;;;;;;;
;BASE;1;1024F-9;;;;701000;;;EXP_X_C;;;;;;;;;;;;;;;;;;;;;;
;BASE;1;1024F-10;;;;701000;;;EXP_X_C;;;;;;;;;;;;;;;;;;;;;;
;BASE;1;F1045A-1;;;;701000;;;EXP_X_C;;;;;;;;;;;;;;;;;;;;;;
;BASE;1;F1045A-2;;;;701000;;;EXP_X_C;;;;;;;;;;;;;;;;;;;;;;
;BASE;1;F1045A-3;;;;701000;;;EXP_X_C;;;;;;;;;;;;;;;;;;;;;;
;BASE;1;F1045A-4;;;;701000;;;EXP_X_C;;;;;;;;;;;;;;;;;;;;;;
;BASE;1;F1045A-5;;;;701000;;;EXP_X_C;;;;;;;;;;;;;;;;;;;;;;
;BASE;1;F1045A-6;;;;701000;;;EXP_X_C;;;;;;;;;;;;;;;;;;;;;;
;BASE;1;F1045A-7;;;;701000;;;EXP_X_C;;;;;;;;;;;;;;;;;;;;;;
;BASE;1;F1045A-8;;;;701000;;;EXP_X_C;;;;;;;;;;;;;;;;;;;;;;
;BASE;1;F1045A-9;;;;701000;;;EXP_X_C;;;;;;;;;;;;;;;;;;;;;;
;BASE;1;F1045A-10;;;;701000;;;EXP_X_C;;;;;;;;;;;;;;;;;;;;;;
;BASE;1;F5055A-1;;;;701000;;;EXP_X_C;;;;;;;;;;;;;;;;;;;;;;
;BASE;1;F5055A-2;;;;701000;;;EXP_X_C;;;;;;;;;;;;;;;;;;;;;;
;BASE;1;F5055A-3;;;;701000;;;EXP_X_C;;;;;;;;;;;;;;;;;;;;;;
;BASE;1;F5055A-4;;;;701000;;;EXP_X_C;;;;;;;;;;;;;;;;;;;;;;
;BASE;1;F5055A-5;;;;701000;;;EXP_X_C;;;;;;;;;;;;;;;;;;;;;;
;BASE;1;F5055A-6;;;;701000;;;EXP_X_C;;;;;;;;;;;;;;;;;;;;;;
;BASE;1;F5055A-7;;;;701000;;;EXP_X_C;;;;;;;;;;;;;;;;;;;;;;
;BASE;1;F5055A-8;;;;701000;;;EXP_X_C;;;;;;;;;;;;;;;;;;;;;;
;BASE;1;F5055A-9;;;;701000;;;EXP_X_C;;;;;;;;;;;;;;;;;;;;;;
;BASE;1;F5055A-10;;;;701000;;;EXP_X_C;;;;;;;;;;;;;;;;;;;;;;
;BASE;1;FP1512-1;;;;701000;;;EXP_X_C;;;;;;;;;;;;;;;;;;;;;;
;BASE;1;FP1512-2;;;;701000;;;EXP_X_C;;;;;;;;;;;;;;;;;;;;;;
;BASE;1;FP1512-3;;;;701000;;;EXP_X_C;;;;;;;;;;;;;;;;;;;;;;
;BASE;1;FP1512-4;;;;701000;;;EXP_X_C;;;;;;;;;;;;;;;;;;;;;;
;BASE;1;FP1512-5;;;;701000;;;EXP_X_C;;;;;;;;;;;;;;;;;;;;;;
;BASE;1;FP1512-6;;;;701000;;;EXP_X_C;;;;;;;;;;;;;;;;;;;;;;
;BASE;1;FP1512-7;;;;701000;;;EXP_X_C;;;;;;;;;;;;;;;;;;;;;;
;BASE;1;FP1512-8;;;;701000;;;EXP_X_C;;;;;;;;;;;;;;;;;;;;;;
;BASE;1;FP1512-9;;;;701000;;;EXP_X_C;;;;;;;;;;;;;;;;;;;;;;
;BASE;1;FP1512-10;;;;701000;;;EXP_X_C;;;;;;;;;;;;;;;;;;;;;;
;BASE;1;FP1512-11;;;;701000;;;EXP_X_C;;;;;;;;;;;;;;;;;;;;;;
;BASE;1;FP1512-12;;;;701000;;;EXP_X_C;;;;;;;;;;;;;;;;;;;;;;
;BASE;1;FP1512-13;;;;701000;;;EXP_X_C;;;;;;;;;;;;;;;;;;;;;;
;BASE;1;FP1512-14;;;;701000;;;EXP_X_C;;;;;;;;;;;;;;;;;;;;;;
;BASE;1;FP1512-15;;;;701000;;;EXP_X_C;;;;;;;;;;;;;;;;;;;;;;
;BASE;1;FP1512-16;;;;701000;;;EXP_X_C;;;;;;;;;;;;;;;;;;;;;;
;BASE;1;FP1512-17;;;;701000;;;EXP_X_C;;;;;;;;;;;;;;;;;;;;;;
;BASE;1;FP1512-18;;;;701000;;;EXP_X_C;;;;;;;;;;;;;;;;;;;;;;
;BASE;1;FP1512-19;;;;701000;;;EXP_X_C;;;;;;;;;;;;;;;;;;;;;;
;BASE;1;FP1512-20;;;;701000;;;EXP_X_C;;;;;;;;;;;;;;;;;;;;;;
;BASE;1;FP1533-1;;;;701000;;;EXP_X_C;;;;;;;;;;;;;;;;;;;;;;
;BASE;1;FP1533-2;;;;701000;;;EXP_X_C;;;;;;;;;;;;;;;;;;;;;;
;BASE;1;FP1533-3;;;;701000;;;EXP_X_C;;;;;;;;;;;;;;;;;;;;;;
;BASE;1;FP1533-4;;;;701000;;;EXP_X_C;;;;;;;;;;;;;;;;;;;;;;
;BASE;1;FP1533-5;;;;701000;;;EXP_X_C;;;;;;;;;;;;;;;;;;;;;;
;BASE;1;FP1533-6;;;;701000;;;EXP_X_C;;;;;;;;;;;;;;;;;;;;;;
;BASE;1;FP1533-7;;;;701000;;;EXP_X_C;;;;;;;;;;;;;;;;;;;;;;
;BASE;1;FP1533-8;;;;701000;;;EXP_X_C;;;;;;;;;;;;;;;;;;;;;;
;BASE;1;FP1533-9;;;;701000;;;EXP_X_C;;;;;;;;;;;;;;;;;;;;;;
;BASE;1;FP1533-10;;;;701000;;;EXP_X_C;;;;;;;;;;;;;;;;;;;;;;
;BASE;1;FP1563-1;;;;701000;;;EXP_X_C;;;;;;;;;;;;;;;;;;;;;;
;BASE;1;FP1563-2;;;;701000;;;EXP_X_C;;;;;;;;;;;;;;;;;;;;;;
;BASE;1;FP1563-3;;;;701000;;;EXP_X_C;;;;;;;;;;;;;;;;;;;;;;
;BASE;1;FP1563-4;;;;701000;;;EXP_X_C;;;;;;;;;;;;;;;;;;;;;;
;BASE;1;FP1563-5;;;;701000;;;EXP_X_C;;;;;;;;;;;;;;;;;;;;;;
;BASE;1;FP1563-6;;;;701000;;;EXP_X_C;;;;;;;;;;;;;;;;;;;;;;
;BASE;1;FP1563-7;;;;701000;;;EXP_X_C;;;;;;;;;;;;;;;;;;;;;;
;BASE;1;FP1563-8;;;;701000;;;EXP_X_C;;;;;;;;;;;;;;;;;;;;;;
;BASE;1;FP1563-9;;;;701000;;;EXP_X_C;;;;;;;;;;;;;;;;;;;;;;
;BASE;1;FP1563-10;;;;701000;;;EXP_X_C;;;;;;;;;;;;;;;;;;;;;;
;BASE;1;FP1563-11;;;;701000;;;EXP_X_C;;;;;;;;;;;;;;;;;;;;;;
;BASE;1;FP1563-12;;;;701000;;;EXP_X_C;;;;;;;;;;;;;;;;;;;;;;
;BASE;1;FP1563-13;;;;701000;;;EXP_X_C;;;;;;;;;;;;;;;;;;;;;;
;BASE;1;FP1563-14;;;;701000;;;EXP_X_C;;;;;;;;;;;;;;;;;;;;;;
;BASE;1;FP1563-15;;;;701000;;;EXP_X_C;;;;;;;;;;;;;;;;;;;;;;
;BASE;1;FP1563-16;;;;701000;;;EXP_X_C;;;;;;;;;;;;;;;;;;;;;;
;BASE;1;FP1563-17;;;;701000;;;EXP_X_C;;;;;;;;;;;;;;;;;;;;;;
;BASE;1;FP1563-18;;;;701000;;;EXP_X_C;;;;;;;;;;;;;;;;;;;;;;
;BASE;1;FP1563-19;;;;701000;;;EXP_X_C;;;;;;;;;;;;;;;;;;;;;;
;BASE;1;FP1563-20;;;;701000;;;EXP_X_C;;;;;;;;;;;;;;;;;;;;;;
;BASE;1;FP1563-21;;;;701000;;;EXP_X_C;;;;;;;;;;;;;;;;;;;;;;
;BASE;1;FP1563-22;;;;701000;;;EXP_X_C;;;;;;;;;;;;;;;;;;;;;;
;BASE;1;FP1563-23;;;;701000;;;EXP_X_C;;;;;;;;;;;;;;;;;;;;;;
;BASE;1;FP1563-24;;;;701000;;;EXP_X_C;;;;;;;;;;;;;;;;;;;;;;
;BASE;1;FP1563-25;;;;701000;;;EXP_X_C;;;;;;;;;;;;;;;;;;;;;;
;BASE;1;FP1563-26;;;;701000;;;EXP_X_C;;;;;;;;;;;;;;;;;;;;;;
;BASE;1;FP1563-27;;;;701000;;;EXP_X_C;;;;;;;;;;;;;;;;;;;;;;
;BASE;1;FP1563-28;;;;701000;;;EXP_X_C;;;;;;;;;;;;;;;;;;;;;;
;BASE;1;FP1563-29;;;;701000;;;EXP_X_C;;;;;;;;;;;;;;;;;;;;;;
;BASE;1;FP1563-30;;;;701000;;;EXP_X_C;;;;;;;;;;;;;;;;;;;;;;
;BASE;1;FP1566-1;;;;701000;;;EXP_X_C;;;;;;;;;;;;;;;;;;;;;;
;BASE;1;FP1566-2;;;;701000;;;EXP_X_C;;;;;;;;;;;;;;;;;;;;;;
;BASE;1;FP1566-3;;;;701000;;;EXP_X_C;;;;;;;;;;;;;;;;;;;;;;
;BASE;1;FP1566-4;;;;701000;;;EXP_X_C;;;;;;;;;;;;;;;;;;;;;;
;BASE;1;FP1566-5;;;;701000;;;EXP_X_C;;;;;;;;;;;;;;;;;;;;;;
;BASE;1;FP1566-6;;;;701000;;;EXP_X_C;;;;;;;;;;;;;;;;;;;;;;
;BASE;1;FP1566-7;;;;701000;;;EXP_X_C;;;;;;;;;;;;;;;;;;;;;;
;BASE;1;FP1566-8;;;;701000;;;EXP_X_C;;;;;;;;;;;;;;;;;;;;;;
;BASE;1;FP1566-9;;;;701000;;;EXP_X_C;;;;;;;;;;;;;;;;;;;;;;
;BASE;1;FP1566-10;;;;701000;;;EXP_X_C;;;;;;;;;;;;;;;;;;;;;;
;BASE;1;FP1566-11;;;;701000;;;EXP_X_C;;;;;;;;;;;;;;;;;;;;;;
;BASE;1;FP1566-12;;;;701000;;;EXP_X_C;;;;;;;;;;;;;;;;;;;;;;
;BASE;1;FP1566-13;;;;701000;;;EXP_X_C;;;;;;;;;;;;;;;;;;;;;;
;BASE;1;FP1566-14;;;;701000;;;EXP_X_C;;;;;;;;;;;;;;;;;;;;;;
;BASE;1;FP1566-15;;;;701000;;;EXP_X_C;;;;;;;;;;;;;;;;;;;;;;
;BASE;1;FP1566-16;;;;701000;;;EXP_X_C;;;;;;;;;;;;;;;;;;;;;;
;BASE;1;FP1566-17;;;;701000;;;EXP_X_C;;;;;;;;;;;;;;;;;;;;;;
;BASE;1;FP1566-18;;;;701000;;;EXP_X_C;;;;;;;;;;;;;;;;;;;;;;
;BASE;1;FP1566-19;;;;701000;;;EXP_X_C;;;;;;;;;;;;;;;;;;;;;;
;BASE;1;FP1566-20;;;;701000;;;EXP_X_C;;;;;;;;;;;;;;;;;;;;;;
;BASE;1;FP1568-1;;;;701000;;;EXP_X_C;;;;;;;;;;;;;;;;;;;;;;
;BASE;1;FP1568-2;;;;701000;;;EXP_X_C;;;;;;;;;;;;;;;;;;;;;;
;BASE;1;FP1568-3;;;;701000;;;EXP_X_C;;;;;;;;;;;;;;;;;;;;;;
;BASE;1;FP1568-4;;;;701000;;;EXP_X_C;;;;;;;;;;;;;;;;;;;;;;
;BASE;1;FP1568-5;;;;701000;;;EXP_X_C;;;;;;;;;;;;;;;;;;;;;;
;BASE;1;FP1568-6;;;;701000;;;EXP_X_C;;;;;;;;;;;;;;;;;;;;;;
;BASE;1;FP1568-7;;;;701000;;;EXP_X_C;;;;;;;;;;;;;;;;;;;;;;
;BASE;1;FP1568-8;;;;701000;;;EXP_X_C;;;;;;;;;;;;;;;;;;;;;;
;BASE;1;FP1568-9;;;;701000;;;EXP_X_C;;;;;;;;;;;;;;;;;;;;;;
;BASE;1;FP1568-10;;;;701000;;;EXP_X_C;;;;;;;;;;;;;;;;;;;;;;
;BASE;1;FP1569-1;;;;701000;;;EXP_X_C;;;;;;;;;;;;;;;;;;;;;;
;BASE;1;FP1569-2;;;;701000;;;EXP_X_C;;;;;;;;;;;;;;;;;;;;;;
;BASE;1;FP1569-3;;;;701000;;;EXP_X_C;;;;;;;;;;;;;;;;;;;;;;
;BASE;1;FP1569-4;;;;701000;;;EXP_X_C;;;;;;;;;;;;;;;;;;;;;;
;BASE;1;FP1569-5;;;;701000;;;EXP_X_C;;;;;;;;;;;;;;;;;;;;;;
;BASE;1;FP1569-6;;;;701000;;;EXP_X_C;;;;;;;;;;;;;;;;;;;;;;
;BASE;1;FP1569-7;;;;701000;;;EXP_X_C;;;;;;;;;;;;;;;;;;;;;;
;BASE;1;FP1569-8;;;;701000;;;EXP_X_C;;;;;;;;;;;;;;;;;;;;;;
;BASE;1;FP1569-9;;;;701000;;;EXP_X_C;;;;;;;;;;;;;;;;;;;;;;
;BASE;1;FP1569-10;;;;701000;;;EXP_X_C;;;;;;;;;;;;;;;;;;;;;;
;BASE;1;FP1569-11;;;;701000;;;EXP_X_C;;;;;;;;;;;;;;;;;;;;;;
;BASE;1;FP1569-12;;;;701000;;;EXP_X_C;;;;;;;;;;;;;;;;;;;;;;
;BASE;1;FP1569-13;;;;701000;;;EXP_X_C;;;;;;;;;;;;;;;;;;;;;;
;BASE;1;FP1569-14;;;;701000;;;EXP_X_C;;;;;;;;;;;;;;;;;;;;;;
;BASE;1;FP1569-15;;;;701000;;;EXP_X_C;;;;;;;;;;;;;;;;;;;;;;
;BASE;1;FP1569-16;;;;701000;;;EXP_X_C;;;;;;;;;;;;;;;;;;;;;;
;BASE;1;FP1569-17;;;;701000;;;EXP_X_C;;;;;;;;;;;;;;;;;;;;;;
;BASE;1;FP1569-18;;;;701000;;;EXP_X_C;;;;;;;;;;;;;;;;;;;;;;
;BASE;1;FP1569-19;;;;701000;;;EXP_X_C;;;;;;;;;;;;;;;;;;;;;;
;BASE;1;FP1569-20;;;;701000;;;EXP_X_C;;;;;;;;;;;;;;;;;;;;;;
;BASE;1;FP1575-1;;;;701000;;;EXP_X_C;;;;;;;;;;;;;;;;;;;;;;
;BASE;1;FP1575-2;;;;701000;;;EXP_X_C;;;;;;;;;;;;;;;;;;;;;;
;BASE;1;FP1575-3;;;;701000;;;EXP_X_C;;;;;;;;;;;;;;;;;;;;;;
;BASE;1;FP1575-4;;;;701000;;;EXP_X_C;;;;;;;;;;;;;;;;;;;;;;
;BASE;1;FP1575-5;;;;701000;;;EXP_X_C;;;;;;;;;;;;;;;;;;;;;;
;BASE;1;FP1575-6;;;;701000;;;EXP_X_C;;;;;;;;;;;;;;;;;;;;;;
;BASE;1;FP1575-7;;;;701000;;;EXP_X_C;;;;;;;;;;;;;;;;;;;;;;
;BASE;1;FP1575-8;;;;701000;;;EXP_X_C;;;;;;;;;;;;;;;;;;;;;;
;BASE;1;FP1575-9;;;;701000;;;EXP_X_C;;;;;;;;;;;;;;;;;;;;;;
;BASE;1;FP1575-10;;;;701000;;;EXP_X_C;;;;;;;;;;;;;;;;;;;;;;
;BASE;1;FP1570-1;;;;701000;;;EXP_X_C;;;;;;;;;;;;;;;;;;;;;;
;BASE;1;FP1570-2;;;;701000;;;EXP_X_C;;;;;;;;;;;;;;;;;;;;;;
;BASE;1;FP1570-3;;;;701000;;;EXP_X_C;;;;;;;;;;;;;;;;;;;;;;
;BASE;1;FP1570-4;;;;701000;;;EXP_X_C;;;;;;;;;;;;;;;;;;;;;;
;BASE;1;FP1570-5;;;;701000;;;EXP_X_C;;;;;;;;;;;;;;;;;;;;;;
;BASE;1;FP1570-6;;;;701000;;;EXP_X_C;;;;;;;;;;;;;;;;;;;;;;
;BASE;1;FP1570-7;;;;701000;;;EXP_X_C;;;;;;;;;;;;;;;;;;;;;;
;BASE;1;FP1570-8;;;;701000;;;EXP_X_C;;;;;;;;;;;;;;;;;;;;;;
;BASE;1;FP1570-9;;;;701000;;;EXP_X_C;;;;;;;;;;;;;;;;;;;;;;
;BASE;1;FP1570-10;;;;701000;;;EXP_X_C;;;;;;;;;;;;;;;;;;;;;;
;BASE;1;FP1576-1;;;;701000;;;EXP_X_C;;;;;;;;;;;;;;;;;;;;;;
;BASE;1;FP1576-2;;;;701000;;;EXP_X_C;;;;;;;;;;;;;;;;;;;;;;
;BASE;1;FP1576-3;;;;701000;;;EXP_X_C;;;;;;;;;;;;;;;;;;;;;;
;BASE;1;FP1576-4;;;;701000;;;EXP_X_C;;;;;;;;;;;;;;;;;;;;;;
;BASE;1;FP1576-5;;;;701000;;;EXP_X_C;;;;;;;;;;;;;;;;;;;;;;
;BASE;1;FP1576-6;;;;701000;;;EXP_X_C;;;;;;;;;;;;;;;;;;;;;;
;BASE;1;FP1576-7;;;;701000;;;EXP_X_C;;;;;;;;;;;;;;;;;;;;;;
;BASE;1;FP1576-8;;;;701000;;;EXP_X_C;;;;;;;;;;;;;;;;;;;;;;
;BASE;1;FP1576-9;;;;701000;;;EXP_X_C;;;;;;;;;;;;;;;;;;;;;;
;BASE;1;FP1576-10;;;;701000;;;EXP_X_C;;;;;;;;;;;;;;;;;;;;;;
;BASE;1;FP1576-11;;;;701000;;;EXP_X_C;;;;;;;;;;;;;;;;;;;;;;
;BASE;1;FP1576-12;;;;701000;;;EXP_X_C;;;;;;;;;;;;;;;;;;;;;;
;BASE;1;FP1576-13;;;;701000;;;EXP_X_C;;;;;;;;;;;;;;;;;;;;;;
;BASE;1;FP1576-14;;;;701000;;;EXP_X_C;;;;;;;;;;;;;;;;;;;;;;
;BASE;1;FP1576-15;;;;701000;;;EXP_X_C;;;;;;;;;;;;;;;;;;;;;;
;BASE;1;FP1576-16;;;;701000;;;EXP_X_C;;;;;;;;;;;;;;;;;;;;;;
;BASE;1;FP1576-17;;;;701000;;;EXP_X_C;;;;;;;;;;;;;;;;;;;;;;
;BASE;1;FP1576-18;;;;701000;;;EXP_X_C;;;;;;;;;;;;;;;;;;;;;;
;BASE;1;FP1576-19;;;;701000;;;EXP_X_C;;;;;;;;;;;;;;;;;;;;;;
;BASE;1;FP1576-20;;;;701000;;;EXP_X_C;;;;;;;;;;;;;;;;;;;;;;
;BASE;1;FP3000-1;;;;701000;;;EXP_X_C;;;;;;;;;;;;;;;;;;;;;;
;BASE;1;FP3000-2;;;;701000;;;EXP_X_C;;;;;;;;;;;;;;;;;;;;;;
;BASE;1;FP3000-3;;;;701000;;;EXP_X_C;;;;;;;;;;;;;;;;;;;;;;
;BASE;1;FP3000-4;;;;701000;;;EXP_X_C;;;;;;;;;;;;;;;;;;;;;;
;BASE;1;FP3000-5;;;;701000;;;EXP_X_C;;;;;;;;;;;;;;;;;;;;;;
;BASE;1;FP3000-6;;;;701000;;;EXP_X_C;;;;;;;;;;;;;;;;;;;;;;
;BASE;1;FP3000-7;;;;701000;;;EXP_X_C;;;;;;;;;;;;;;;;;;;;;;
;BASE;1;FP3000-8;;;;701000;;;EXP_X_C;;;;;;;;;;;;;;;;;;;;;;
;BASE;1;FP3000-9;;;;701000;;;EXP_X_C;;;;;;;;;;;;;;;;;;;;;;
;BASE;1;FP3000-10;;;;701000;;;EXP_X_C;;;;;;;;;;;;;;;;;;;;;;
;BASE;1;FP1590-1;;;;701000;;;EXP_X_C;;;;;;;;;;;;;;;;;;;;;;
;BASE;1;FP1590-2;;;;701000;;;EXP_X_C;;;;;;;;;;;;;;;;;;;;;;
;BASE;1;FP1590-3;;;;701000;;;EXP_X_C;;;;;;;;;;;;;;;;;;;;;;
;BASE;1;FP1590-4;;;;701000;;;EXP_X_C;;;;;;;;;;;;;;;;;;;;;;
;BASE;1;FP1590-5;;;;701000;;;EXP_X_C;;;;;;;;;;;;;;;;;;;;;;
;BASE;1;FP1590-6;;;;701000;;;EXP_X_C;;;;;;;;;;;;;;;;;;;;;;
;BASE;1;FP1590-7;;;;701000;;;EXP_X_C;;;;;;;;;;;;;;;;;;;;;;
;BASE;1;FP1590-8;;;;701000;;;EXP_X_C;;;;;;;;;;;;;;;;;;;;;;
;BASE;1;FP1590-9;;;;701000;;;EXP_X_C;;;;;;;;;;;;;;;;;;;;;;
;BASE;1;FP1590-10;;;;701000;;;EXP_X_C;;;;;;;;;;;;;;;;;;;;;;
;BASE;1;FP1597-1;;;;701000;;;EXP_X_C;;;;;;;;;;;;;;;;;;;;;;
;BASE;1;FP1597-2;;;;701000;;;EXP_X_C;;;;;;;;;;;;;;;;;;;;;;
;BASE;1;FP1597-3;;;;701000;;;EXP_X_C;;;;;;;;;;;;;;;;;;;;;;
;BASE;1;FP1597-4;;;;701000;;;EXP_X_C;;;;;;;;;;;;;;;;;;;;;;
;BASE;1;FP1597-5;;;;701000;;;EXP_X_C;;;;;;;;;;;;;;;;;;;;;;
;BASE;1;FP1597-6;;;;701000;;;EXP_X_C;;;;;;;;;;;;;;;;;;;;;;
;BASE;1;FP1597-7;;;;701000;;;EXP_X_C;;;;;;;;;;;;;;;;;;;;;;
;BASE;1;FP1597-8;;;;701000;;;EXP_X_C;;;;;;;;;;;;;;;;;;;;;;
;BASE;1;FP1597-9;;;;701000;;;EXP_X_C;;;;;;;;;;;;;;;;;;;;;;
;BASE;1;FP1597-10;;;;701000;;;EXP_X_C;;;;;;;;;;;;;;;;;;;;;;
;BASE;1;FP5028-1;;;;701000;;;EXP_X_C;;;;;;;;;;;;;;;;;;;;;;
;BASE;1;FP5028-2;;;;701000;;;EXP_X_C;;;;;;;;;;;;;;;;;;;;;;
;BASE;1;FP5028-3;;;;701000;;;EXP_X_C;;;;;;;;;;;;;;;;;;;;;;
;BASE;1;FP5028-4;;;;701000;;;EXP_X_C;;;;;;;;;;;;;;;;;;;;;;
;BASE;1;FP5028-5;;;;701000;;;EXP_X_C;;;;;;;;;;;;;;;;;;;;;;
;BASE;1;FP5028-6;;;;701000;;;EXP_X_C;;;;;;;;;;;;;;;;;;;;;;
;BASE;1;FP5028-7;;;;701000;;;EXP_X_C;;;;;;;;;;;;;;;;;;;;;;
;BASE;1;FP5028-8;;;;701000;;;EXP_X_C;;;;;;;;;;;;;;;;;;;;;;
;BASE;1;FP5028-9;;;;701000;;;EXP_X_C;;;;;;;;;;;;;;;;;;;;;;
;BASE;1;FP5028-10;;;;701000;;;EXP_X_C;;;;;;;;;;;;;;;;;;;;;;
;BASE;1;FP6013-1;;;;701000;;;EXP_X_C;;;;;;;;;;;;;;;;;;;;;;
;BASE;1;FP6013-2;;;;701000;;;EXP_X_C;;;;;;;;;;;;;;;;;;;;;;
;BASE;1;FP6013-3;;;;701000;;;EXP_X_C;;;;;;;;;;;;;;;;;;;;;;
;BASE;1;FP6013-4;;;;701000;;;EXP_X_C;;;;;;;;;;;;;;;;;;;;;;
;BASE;1;FP6013-5;;;;701000;;;EXP_X_C;;;;;;;;;;;;;;;;;;;;;;
;BASE;1;FP6013-6;;;;701000;;;EXP_X_C;;;;;;;;;;;;;;;;;;;;;;
;BASE;1;FP6013-7;;;;701000;;;EXP_X_C;;;;;;;;;;;;;;;;;;;;;;
;BASE;1;FP6013-8;;;;701000;;;EXP_X_C;;;;;;;;;;;;;;;;;;;;;;
;BASE;1;FP6013-9;;;;701000;;;EXP_X_C;;;;;;;;;;;;;;;;;;;;;;
;BASE;1;FP6013-10;;;;701000;;;EXP_X_C;;;;;;;;;;;;;;;;;;;;;;
;BASE;1;FP6149-1;;;;701000;;;EXP_X_C;;;;;;;;;;;;;;;;;;;;;;
;BASE;1;FP6149-2;;;;701000;;;EXP_X_C;;;;;;;;;;;;;;;;;;;;;;
;BASE;1;FP6149-3;;;;701000;;;EXP_X_C;;;;;;;;;;;;;;;;;;;;;;
;BASE;1;FP6149-4;;;;701000;;;EXP_X_C;;;;;;;;;;;;;;;;;;;;;;
;BASE;1;FP6149-5;;;;701000;;;EXP_X_C;;;;;;;;;;;;;;;;;;;;;;
;BASE;1;FP6149-6;;;;701000;;;EXP_X_C;;;;;;;;;;;;;;;;;;;;;;
;BASE;1;FP6149-7;;;;701000;;;EXP_X_C;;;;;;;;;;;;;;;;;;;;;;
;BASE;1;FP6149-8;;;;701000;;;EXP_X_C;;;;;;;;;;;;;;;;;;;;;;
;BASE;1;FP6149-9;;;;701000;;;EXP_X_C;;;;;;;;;;;;;;;;;;;;;;
;BASE;1;FP6149-10;;;;701000;;;EXP_X_C;;;;;;;;;;;;;;;;;;;;;;
;BASE;1;FP9571-1;;;;701000;;;EXP_X_C;;;;;;;;;;;;;;;;;;;;;;
;BASE;1;FP9571-2;;;;701000;;;EXP_X_C;;;;;;;;;;;;;;;;;;;;;;
;BASE;1;FP9571-3;;;;701000;;;EXP_X_C;;;;;;;;;;;;;;;;;;;;;;
;BASE;1;FP9571-4;;;;701000;;;EXP_X_C;;;;;;;;;;;;;;;;;;;;;;
;BASE;1;FP9571-5;;;;701000;;;EXP_X_C;;;;;;;;;;;;;;;;;;;;;;
;BASE;1;FP9571-6;;;;701000;;;EXP_X_C;;;;;;;;;;;;;;;;;;;;;;
;BASE;1;FP9571-7;;;;701000;;;EXP_X_C;;;;;;;;;;;;;;;;;;;;;;
;BASE;1;FP9571-8;;;;701000;;;EXP_X_C;;;;;;;;;;;;;;;;;;;;;;
;BASE;1;FP9571-9;;;;701000;;;EXP_X_C;;;;;;;;;;;;;;;;;;;;;;
;BASE;1;FP9571-10;;;;701000;;;EXP_X_C;;;;;;;;;;;;;;;;;;;;;;
;BASE;1;FP9571-11;;;;701000;;;EXP_X_C;;;;;;;;;;;;;;;;;;;;;;
;BASE;1;FP9571-12;;;;701000;;;EXP_X_C;;;;;;;;;;;;;;;;;;;;;;
;BASE;1;FP9571-13;;;;701000;;;EXP_X_C;;;;;;;;;;;;;;;;;;;;;;
;BASE;1;FP9571-14;;;;701000;;;EXP_X_C;;;;;;;;;;;;;;;;;;;;;;
;BASE;1;FP9571-15;;;;701000;;;EXP_X_C;;;;;;;;;;;;;;;;;;;;;;
;BASE;1;FP9571-16;;;;701000;;;EXP_X_C;;;;;;;;;;;;;;;;;;;;;;
;BASE;1;FP9571-17;;;;701000;;;EXP_X_C;;;;;;;;;;;;;;;;;;;;;;
;BASE;1;FP9571-18;;;;701000;;;EXP_X_C;;;;;;;;;;;;;;;;;;;;;;
;BASE;1;FP9571-19;;;;701000;;;EXP_X_C;;;;;;;;;;;;;;;;;;;;;;
;BASE;1;FP9571-20;;;;701000;;;EXP_X_C;;;;;;;;;;;;;;;;;;;;;;
;BASE;1;FP1509-1;;;;701000;;;EXP_X_C;;;;;;;;;;;;;;;;;;;;;;
;BASE;1;FP1322-1;;;;701000;;;EXP_X_C;;;;;;;;;;;;;;;;;;;;;;
;BASE;1;FP1322-2;;;;701000;;;EXP_X_C;;;;;;;;;;;;;;;;;;;;;;
;BASE;1;FP1322-3;;;;701000;;;EXP_X_C;;;;;;;;;;;;;;;;;;;;;;
;BASE;1;FP1322-4;;;;701000;;;EXP_X_C;;;;;;;;;;;;;;;;;;;;;;
;BASE;1;FP1322-5;;;;701000;;;EXP_X_C;;;;;;;;;;;;;;;;;;;;;;
;BASE;1;FP1322-6;;;;701000;;;EXP_X_C;;;;;;;;;;;;;;;;;;;;;;
;BASE;1;FP1322-7;;;;701000;;;EXP_X_C;;;;;;;;;;;;;;;;;;;;;;
;BASE;1;FP1322-8;;;;701000;;;EXP_X_C;;;;;;;;;;;;;;;;;;;;;;
;BASE;1;FP1322-9;;;;701000;;;EXP_X_C;;;;;;;;;;;;;;;;;;;;;;
;BASE;1;FP1322-10;;;;701000;;;EXP_X_C;;;;;;;;;;;;;;;;;;;;;;
;BASE;1;FP1322-11;;;;701000;;;EXP_X_C;;;;;;;;;;;;;;;;;;;;;;
;BASE;1;FP1322-12;;;;701000;;;EXP_X_C;;;;;;;;;;;;;;;;;;;;;;
;BASE;1;FP1322-13;;;;701000;;;EXP_X_C;;;;;;;;;;;;;;;;;;;;;;
;BASE;1;FP1322-14;;;;701000;;;EXP_X_C;;;;;;;;;;;;;;;;;;;;;;
;BASE;1;FP1322-15;;;;701000;;;EXP_X_C;;;;;;;;;;;;;;;;;;;;;;
;BASE;1;FP1322-16;;;;701000;;;EXP_X_C;;;;;;;;;;;;;;;;;;;;;;
;BASE;1;FP1322-17;;;;701000;;;EXP_X_C;;;;;;;;;;;;;;;;;;;;;;
;BASE;1;FP1322-18;;;;701000;;;EXP_X_C;;;;;;;;;;;;;;;;;;;;;;
;BASE;1;FP1322-19;;;;701000;;;EXP_X_C;;;;;;;;;;;;;;;;;;;;;;
;BASE;1;FP1322-20;;;;701000;;;EXP_X_C;;;;;;;;;;;;;;;;;;;;;;
;BASE;1;FP1514-1;;;;701000;;;EXP_X_C;;;;;;;;;;;;;;;;;;;;;;
;BASE;1;FP1514-2;;;;701000;;;EXP_X_C;;;;;;;;;;;;;;;;;;;;;;
;BASE;1;FP1514-3;;;;701000;;;EXP_X_C;;;;;;;;;;;;;;;;;;;;;;
;BASE;1;FP1514-4;;;;701000;;;EXP_X_C;;;;;;;;;;;;;;;;;;;;;;
;BASE;1;FP1514-5;;;;701000;;;EXP_X_C;;;;;;;;;;;;;;;;;;;;;;
;BASE;1;FP1514-6;;;;701000;;;EXP_X_C;;;;;;;;;;;;;;;;;;;;;;
;BASE;1;FP1514-7;;;;701000;;;EXP_X_C;;;;;;;;;;;;;;;;;;;;;;
;BASE;1;FP1514-8;;;;701000;;;EXP_X_C;;;;;;;;;;;;;;;;;;;;;;
;BASE;1;FP1514-9;;;;701000;;;EXP_X_C;;;;;;;;;;;;;;;;;;;;;;
;BASE;1;FP1514-10;;;;701000;;;EXP_X_C;;;;;;;;;;;;;;;;;;;;;;
;BASE;1;BR5070-11;;;;701000;;;EXP_X_C;;;;;;;;;;;;;;;;;;;;;;
;BASE;1;BR5070-12;;;;701000;;;EXP_X_C;;;;;;;;;;;;;;;;;;;;;;
;BASE;1;BR5070-13;;;;701000;;;EXP_X_C;;;;;;;;;;;;;;;;;;;;;;
;BASE;1;BR5070-14;;;;701000;;;EXP_X_C;;;;;;;;;;;;;;;;;;;;;;
;BASE;1;BR5070-15;;;;701000;;;EXP_X_C;;;;;;;;;;;;;;;;;;;;;;
;BASE;1;BR5070-16;;;;701000;;;EXP_X_C;;;;;;;;;;;;;;;;;;;;;;
;BASE;1;BR5070-17;;;;701000;;;EXP_X_C;;;;;;;;;;;;;;;;;;;;;;
;BASE;1;BR5070-18;;;;701000;;;EXP_X_C;;;;;;;;;;;;;;;;;;;;;;
;BASE;1;BR5070-19;;;;701000;;;EXP_X_C;;;;;;;;;;;;;;;;;;;;;;
;BASE;1;BR5070-20;;;;701000;;;EXP_X_C;;;;;;;;;;;;;;;;;;;;;;
;BASE;1;FP1491-1;;;;701000;;;EXP_X_C;;;;;;;;;;;;;;;;;;;;;;
;BASE;1;FP1491-2;;;;701000;;;EXP_X_C;;;;;;;;;;;;;;;;;;;;;;
;BASE;1;FP1491-3;;;;701000;;;EXP_X_C;;;;;;;;;;;;;;;;;;;;;;
;BASE;1;FP1491-4;;;;701000;;;EXP_X_C;;;;;;;;;;;;;;;;;;;;;;
;BASE;1;FP1491-5;;;;701000;;;EXP_X_C;;;;;;;;;;;;;;;;;;;;;;
;BASE;1;FP1491-6;;;;701000;;;EXP_X_C;;;;;;;;;;;;;;;;;;;;;;
;BASE;1;FP1491-7;;;;701000;;;EXP_X_C;;;;;;;;;;;;;;;;;;;;;;
;BASE;1;FP1491-8;;;;701000;;;EXP_X_C;;;;;;;;;;;;;;;;;;;;;;
;BASE;1;FP1491-9;;;;701000;;;EXP_X_C;;;;;;;;;;;;;;;;;;;;;;
;BASE;1;FP1491-10;;;;701000;;;EXP_X_C;;;;;;;;;;;;;;;;;;;;;;
;BASE;1;5073-1;;;;701000;;;EXP_X_C;;;;;;;;;;;;;;;;;;;;;;
;BASE;1;5073-2;;;;701000;;;EXP_X_C;;;;;;;;;;;;;;;;;;;;;;
;BASE;1;5073-3;;;;701000;;;EXP_X_C;;;;;;;;;;;;;;;;;;;;;;
;BASE;1;5073-4;;;;701000;;;EXP_X_C;;;;;;;;;;;;;;;;;;;;;;
;BASE;1;5073-5;;;;701000;;;EXP_X_C;;;;;;;;;;;;;;;;;;;;;;
;BASE;1;5073-6;;;;701000;;;EXP_X_C;;;;;;;;;;;;;;;;;;;;;;
;BASE;1;5073-7;;;;701000;;;EXP_X_C;;;;;;;;;;;;;;;;;;;;;;
;BASE;1;5073-8;;;;701000;;;EXP_X_C;;;;;;;;;;;;;;;;;;;;;;
;BASE;1;5073-9;;;;701000;;;EXP_X_C;;;;;;;;;;;;;;;;;;;;;;
;BASE;1;5073-10;;;;701000;;;EXP_X_C;;;;;;;;;;;;;;;;;;;;;;
;BASE;1;FP1491-11;;;;701000;;;EXP_X_C;;;;;;;;;;;;;;;;;;;;;;
;BASE;1;FP1491-12;;;;701000;;;EXP_X_C;;;;;;;;;;;;;;;;;;;;;;
;BASE;1;FP1491-13;;;;701000;;;EXP_X_C;;;;;;;;;;;;;;;;;;;;;;
;BASE;1;FP1491-14;;;;701000;;;EXP_X_C;;;;;;;;;;;;;;;;;;;;;;
;BASE;1;FP1491-15;;;;701000;;;EXP_X_C;;;;;;;;;;;;;;;;;;;;;;
;BASE;1;FP1491-16;;;;701000;;;EXP_X_C;;;;;;;;;;;;;;;;;;;;;;
;BASE;1;FP1491-17;;;;701000;;;EXP_X_C;;;;;;;;;;;;;;;;;;;;;;
;BASE;1;FP1491-18;;;;701000;;;EXP_X_C;;;;;;;;;;;;;;;;;;;;;;
;BASE;1;FP1491-19;;;;701000;;;EXP_X_C;;;;;;;;;;;;;;;;;;;;;;
;BASE;1;FP1491-20;;;;701000;;;EXP_X_C;;;;;;;;;;;;;;;;;;;;;;
;BASE;1;1566-11;;;;701000;;;EXP_X_C;;;;;;;;;;;;;;;;;;;;;;
;BASE;1;1566-12;;;;701000;;;EXP_X_C;;;;;;;;;;;;;;;;;;;;;;
;BASE;1;1566-13;;;;701000;;;EXP_X_C;;;;;;;;;;;;;;;;;;;;;;
;BASE;1;1566-14;;;;701000;;;EXP_X_C;;;;;;;;;;;;;;;;;;;;;;
;BASE;1;1566-15;;;;701000;;;EXP_X_C;;;;;;;;;;;;;;;;;;;;;;
;BASE;1;1566-16;;;;701000;;;EXP_X_C;;;;;;;;;;;;;;;;;;;;;;
;BASE;1;1566-17;;;;701000;;;EXP_X_C;;;;;;;;;;;;;;;;;;;;;;
;BASE;1;1566-18;;;;701000;;;EXP_X_C;;;;;;;;;;;;;;;;;;;;;;
;BASE;1;1566-19;;;;701000;;;EXP_X_C;;;;;;;;;;;;;;;;;;;;;;
;BASE;1;1566-20;;;;701000;;;EXP_X_C;;;;;;;;;;;;;;;;;;;;;;